Name,Ukrainian,Russian,Notes,prev_name,Whole population
simferopolska,6.35,85.82,,SIMFEROPOL (miskrada),358108.0
ALUSHTYNSKA,9.67,83.68,,ALUSHTA (miskrada),52215.0
dzhankoiska,7.6,83.14,,m. DZHANKOI,42861.0
ievpatoriiska,8.73,83.69,,YEVPATORIIA (miskrada),117565.0
kerchenska,5.27,91.34,,m. KERCH,158165.0
KRASNOPEREKOPSK,16.48,79.62,,m. KRASNOPEREKOPSK,30902.0
sakska,8.87,84.26,,m. SAKY,28522.0
ARMIANSK,16.9,78.52,,ARMIANSK (miskrada),26867.0
feodosiiska,7.35,87.32,,FEODOSIIA (miskrada),108788.0
sudatska,8.42,71.45,,SUDAK (miskrada),29448.0
ialtynska,10.12,86.79,,YALTA (miskrada),139584.0
BAKHCHYSARAISKYI,8.21,69.3,,BAKHCHYSARAISKYI RAION,92542.0
BILOHIRSKYI,7.92,60.43,,BILOHIRSKYI RAION,66458.0
BILOHIRSKYI,7.92,60.43,,BILOHIRSKYI RAION,31707.0
DZHANKOISKYI,15.84,62.04,,DZHANKOISKYI RAION,82328.0
KIROVSKYI,8.38,64.18,,KIROVSKYI RAION,58016.0
KRASNOHVARDIISKYI,11.94,69.42,,KRASNOHVARDIISKYI RAION,93782.0
KRASNOPEREKOPSKYI,26.78,53.26,,KRASNOPEREKOPSKYI RAION,31843.0
LENINSKYI,10.57,70.39,,LENINSKYI RAION,69629.0
NYZHNOHIRSKYI,10.47,72.72,,NYZHNOHIRSKYI RAION,56976.0
PERVOMAISKYI,19.27,58.44,,PERVOMAISKYI RAION,40367.0
PERVOMAISKYI,19.27,58.44,,PERVOMAISKYI RAION,37203.0
PERVOMAISKYI,19.27,58.44,,PERVOMAISKYI RAION,19999.0
ROZDOLNENSKYI,20.84,63.97,,ROZDOLNENSKYI RAION,37185.0
SAKSKYI,16.91,64.48,,SAKSKYI RAION,80964.0
SIMFEROPOLSKYI,9.62,66.95,,SIMFEROPOLSKYI RAION,149253.0
SOVIETSKYI,10.38,64.37,,SOVIETSKYI RAION,37576.0
CHORNOMORSKYI,14.81,70.94,,CHORNOMORSKYI RAION,34112.0
vinnytska,84.73,14.36,,m. VINNYTSIA,354639.0
zhmerynska,90.81,8.51,,m. ZHMERYNKA,37073.0
mohyliv-podilska,92.31,7.01,,MOHYLIV-PODILSKYI (miskrada),32513.0
KOZIATYN,94.88,4.76,,KOZIATYN (miskrada),27155.0
ladyzhynska,88.35,11.25,,LADYZHYN (miskrada),23419.0
khmelnytska,97.12,2.59,,m. KHMILNYK,25181.0
BARSKYI,97.4,2.36,,BARSKYI RAION,62239.0
BERSHADSKYI,97.17,2.48,,BERSHADSKYI RAION,71310.0
VINNYTSKYI,97.57,2.04,,VINNYTSKYI RAION,73430.0
HAISYNSKYI,96.28,3.46,,HAISYNSKYI RAION,64732.0
ZHMERYNSKYI,97.67,2.06,,ZHMERYNSKYI RAION,44136.0
ILLINETSKYI,98.1,1.35,,ILLINETSKYI RAION,42519.0
KOZIATYNSKYI,98.33,1.25,,KOZIATYNSKYI RAION,47788.0
KALYNIVSKYI,97.75,1.97,,KALYNIVSKYI RAION,64936.0
KRYZHOPILSKYI,98.78,0.92,,KRYZHOPILSKYI RAION,40870.0
LYPOVETSKYI,98.78,1.08,,LYPOVETSKYI RAION,44194.0
LITYNSKYI,98.5,1.35,,LITYNSKYI RAION,42252.0
MOHYLIV-PODILSKYI,98.19,1.55,,MOHYLIV-PODILSKYI RAION,40206.0
murovano-kurylovetskyi,98.76,1.05,,MUROVANOKURYLOVETSKYI RAION,32791.0
NEMYRIVSKYI,97.52,2.1,,NEMYRIVSKYI RAION,58873.0
ORATIVSKYI,99.1,0.74,,ORATIVSKYI RAION,27314.0
PISHCHANSKYI,97.62,1.6,,PISHCHANSKYI RAION,25127.0
POHREBYSHCHENSKYI,98.79,1.06,,POHREBYSHCHENSKYI RAION,37704.0
TEPLYTSKYI,98.81,0.87,,TEPLYTSKYI RAION,35258.0
TOMASHPILSKYI,96.57,2.88,,TOMASHPILSKYI RAION,40608.0
TROSTIANETSKYI,98.1,1.67,,TROSTIANETSKYI RAION,42530.0
TROSTIANETSKYI,98.1,1.67,,TROSTIANETSKYI RAION,42134.0
TULCHYNSKYI,96.87,2.76,,TULCHYNSKYI RAION,64927.0
TYVRIVSKYI,96.44,3.05,,TYVRIVSKYI RAION,47805.0
KHMILNYTSKYI,99.11,0.72,,KHMILNYTSKYI RAION,44110.0
chernivetska,99.22,0.64,,CHERNIVETSKYI RAION,28660.0
CHECHELNYTSKYI,98.53,1.17,,CHECHELNYTSKYI RAION,27209.0
SHARHORODSKYI,98.92,0.87,,SHARHORODSKYI RAION,64767.0
iampilskyi,97.56,1.69,,YAMPILSKYI RAION,47669.0
iampilskyi,97.56,1.69,,YAMPILSKYI RAION,30442.0
lutska,92.87,6.79,,m. LUTSK,205585.0
VOLODYMYR-VOLYNSKYI,94.49,5.15,,m. VOLODYMYR-VOLYNSKYI,37982.0
kovelska,95.77,3.93,,m. KOVEL,65777.0
novovolynska,94.37,5.22,,NOVOVOLYNSK (miskrada),58558.0
VOLODYMYR-VOLYNSKYI,98.78,1.0,,VOLODYMYR-VOLYNSKYI RAION,28446.0
HOROKHIVSKYI,99.17,0.63,,HOROKHIVSKYI RAION,57133.0
IVANYCHIVSKYI,99.0,0.8,,IVANYCHIVSKYI RAION,35995.0
KAMIN-KASHYRSKYI,99.58,0.33,,KAMIN-KASHYRSKYI RAION,62151.0
KIVERTSIVSKYI,98.58,1.23,,KIVERTSIVSKYI RAION,65924.0
KOVELSKYI,99.02,0.83,,KOVELSKYI RAION,43340.0
LOKACHYNSKYI,99.37,0.51,,LOKACHYNSKYI RAION,25386.0
LUTSKYI,98.84,1.01,,LUTSKYI RAION,56231.0
LIUBESHIVSKYI,99.47,0.34,,LIUBESHIVSKYI RAION,37124.0
liubomlsky,99.11,0.76,,LIUBOMLSKYI RAION,43198.0
MANEVYTSKYI,99.33,0.55,,MANEVYTSKYI RAION,57411.0
RATNIVSKYI,99.17,0.53,,RATNIVSKYI RAION,52530.0
ROZHYSHCHENSKYI,99.03,0.83,,ROZHYSHCHENSKYI RAION,42999.0
STAROVYZHIVSKYI,99.49,0.39,,STAROVYZHIVSKYI RAION,34188.0
TURIISKYI,99.08,0.8,,TURIISKYI RAION,29043.0
SHATSKYI,98.73,0.89,,SHATSKYI RAION,18213.0
dnipropetrovska,46.5,52.46,,DNIPROPETROVSK (miskrada),1069801.0
VILNOHIRSK,81.35,18.26,,m. VILNOHIRSK,24080.0
dniprodzerzhynska,65.47,33.84,,DNIPRODZERZHYNSK (miskrada),261735.0
zhovtovodska,77.08,20.89,,ZHOVTI VODY (miskrada),57329.0
kryvyirig,71.35,27.17,,KRYVYI RIH (miskrada),710412.0
marhanetska,72.15,26.68,,MARHANETS (miskrada),50443.0
nikopolska,56.0,42.73,,m. NIKOPOL,138218.0
novomoskovska,80.88,18.48,,m. NOVOMOSKOVSK,71860.0
ordzhonikidzevska,67.72,31.7,,ORDZHONIKIDZE (miskrada),46654.0
pavlograd,59.23,39.82,,m. PAVLOHRAD,119672.0
PERSHOTRAVENSK,40.21,58.89,,m. PERSHOTRAVENSK,29374.0
synelnykivska,77.95,20.23,,m. SYNELNYKOVE,32292.0
TERNIVKA,21.2,78.02,,TERNIVKA (miskrada),29473.0
APOSTOLIVSKYI,86.64,12.57,,APOSTOLIVSKYI RAION,64242.0
VASYLKIVSKYI,94.53,4.63,,VASYLKIVSKYI RAION,70467.0
VERKHNODNIPROVSKYI,89.98,9.2,,VERKHNODNIPROVSKYI RAION,56932.0
DNIPROPETROVSKYI,80.7,18.27,,DNIPROPETROVSKYI RAION,78904.0
KRYVORIZKYI,91.35,7.73,,KRYVORIZKYI RAION,43759.0
KRYNYCHANSKYI,94.03,4.71,,KRYNYCHANSKYI RAION,40330.0
MAHDALYNIVSKYI,93.91,4.75,,MAHDALYNIVSKYI RAION,37606.0
MEZHIVSKYI,94.71,3.93,,MEZHIVSKYI RAION,28529.0
NIKOPOLSKYI,89.66,9.75,,NIKOPOLSKYI RAION,44716.0
NOVOMOSKOVSKYI,86.2,12.93,,NOVOMOSKOVSKYI RAION,75828.0
PAVLOHRADSKYI,75.97,23.36,,PAVLOHRADSKYI RAION,32906.0
PETRYKIVSKYI,95.49,3.95,,PETRYKIVSKYI RAION,25994.0
PETROPAVLIVSKYI,91.43,7.96,,PETROPAVLIVSKYI RAION,35403.0
POKROVSKYI,95.25,4.15,,POKROVSKYI RAION,41864.0
PIATYKHATSKYI,92.32,6.33,,PIATYKHATSKYI RAION,53275.0
SYNELNYKIVSKYI,89.95,8.78,,SYNELNYKIVSKYI RAION,41674.0
SOLONIANSKYI,92.66,6.37,,SOLONIANSKYI RAION,42500.0
sofi‹vskyi,94.59,4.31,,SOFIIVSKYI RAION,28541.0
TOMAKIVSKYI,92.77,6.6,,TOMAKIVSKYI RAION,31629.0
TSARYCHANSKYI,95.44,3.93,,TSARYCHANSKYI RAION,30775.0
SHYROKIVSKYI,92.47,6.4,,SHYROKIVSKYI RAION,31361.0
iurïvskyi,92.81,5.98,,YURIVSKYI RAION,15773.0
donetska,11.14,87.83,,DONETSK (miskrada),1024678.0
AVDIIVKA,12.51,87.17,,m. AVDIIVKA,37237.0
artemivska,35.22,63.62,,ARTEMIVSK (miskrada),113785.0
vuhledarska,28.18,70.8,,m. VUHLEDAR,17518.0
horlivska,15.15,83.89,,HORLIVKA (miskrada),312284.0
DEBALTSEVE,21.54,77.33,,DEBALTSEVE (miskrada),53412.0
dzerzhynska,21.29,78.23,,DZERZHYNSK (miskrada),86281.0
DYMYTROV,25.94,71.85,,DYMYTROV (miskrada),56702.0
dobropilska,39.28,60.2,,DOBROPILLIA (miskrada),72817.0
DOKUCHAIVSK,27.95,71.52,,DOKUCHAIVSK (miskrada),25024.0
DRUZHKIVKA,34.95,63.79,,DRUZHKIVKA (miskrada),75006.0
ienakiievska,13.56,85.72,,YENAKIIEVE (miskrada),162778.0
zhdanivska,11.66,87.41,,ZHDANIVKA (miskrada),14375.0
mariupolska,9.87,89.53,,MARIUPOL (miskrada),510835.0
KIROVSKE,16.9,82.39,,m. KIROVSKE,31041.0
kostiantynivska,20.98,78.06,,m. KOSTIANTYNIVKA,94886.0
kramatorska,35.64,63.27,,KRAMATORSK (miskrada),215729.0
krasnoarmiiska,37.07,62.16,,KRASNOARMIISK (miskrada),82830.0
KRASNYILYMAN,70.35,29.13,,KRASNYI LYMAN (miskrada),28996.0
maki‹vska,12.42,86.58,,MAKIIVKA (miskrada),431023.0
novohrodivska,29.84,69.2,,m. NOVOHRODIVKA,17559.0
selydovska,26.03,72.98,,SELIDOVE (miskrada),62819.0
slovianska,43.77,54.61,,SLOVIANSK (miskrada),142873.0
snizhnenska,15.25,83.61,,SNIZHNE (miskrada),83046.0
torezka,15.68,83.38,,TOREZ (miskrada),96026.0
khartsyzka,16.08,82.97,,KHARTSYZK (miskrada),113685.0
shakhtarska,22.46,76.34,,SHAKHTARSK (miskrada),72711.0
iasynuvatska,27.15,72.44,,m. YASYNUVATA,36903.0
OLEKSANDRIVSKYI,89.51,9.98,,OLEKSANDRIVSKYI RAION,23036.0
OLEKSANDRIVSKYI,89.51,9.98,,OLEKSANDRIVSKYI RAION,36009.0
amvrosi‹vskyi,43.46,55.77,,AMVROSIIVSKYI RAION,54939.0
ARTEMIVSKYI,72.22,26.22,,ARTEMIVSKYI RAION,54065.0
VELYKONOVOSILKIVSKYI,50.26,47.43,,VELYKONOVOSILKIVSKYI RAION,49323.0
VOLNOVASKYI,58.45,40.36,,VOLNOVASKYI RAION,92489.0
VOLODARSKYI,31.14,67.4,,VOLODARSKYI RAION,31168.0
VOLODARSKYI,31.14,67.4,,VOLODARSKYI RAION,23345.0
DOBROPILSKYI,88.61,10.85,,DOBROPILSKYI RAION,20659.0
KOSTIANTYNIVSKYI,69.84,29.41,,KOSTIANTYNIVSKYI RAION,21132.0
KRASNOARMIISKYI,74.06,25.53,,KRASNOARMIISKYI RAION,37567.0
KRASNOLYMANSKYI,82.18,16.96,,KRASNOLYMANSKYI RAION,24974.0
mar‹nskyi,56.52,43.02,,MARINSKYI RAION,90045.0
NOVOAZOVSKYI,40.22,59.33,,NOVOAZOVSKYI RAION,38902.0
PERSHOTRAVNEVYI,22.35,76.63,,PERSHOTRAVNEVYI RAION,29312.0
SLOVIANSKYI,83.19,15.55,,SLOVIANSKYI RAION,39188.0
STAROBESHIVSKYI,17.06,81.78,,STAROBESHIVSKYI RAION,55952.0
TELMANIVSKYI,39.87,57.17,,TELMANIVSKYI RAION,35365.0
SHAKHTARSKYI,53.36,46.25,,SHAKHTARSKYI RAION,24262.0
iasynuvatskyi,40.96,58.21,,YASYNUVATSKYI RAION,30326.0
zhytomyrska,83.18,16.27,,m. ZHYTOMYR,282823.0
berdychivska,88.96,10.59,,m. BERDYCHIV,87193.0
korostenska,86.69,12.73,,m. KOROSTEN,66850.0
novohrad-volynska,89.37,10.01,,m. NOVOHRAD-VOLYNSKYI,56555.0
ANDRUSHIVSKYI,97.66,2.03,,ANDRUSHIVSKYI RAION,38769.0
BARANIVSKYI,98.48,1.3,,BARANIVSKYI RAION,45964.0
BERDYCHIVSKYI,98.04,1.75,,BERDYCHIVSKYI RAION,34559.0
BRUSYLIVSKYI,96.99,2.68,,BRUSYLIVSKYI RAION,18165.0
VOLODARSKO-VOLYNSKYI,96.23,3.49,,VOLODARSKO-VOLYNSKYI RAION,38616.0
romanivskyi,98.14,1.56,,DZERZHYNSKYI RAION,33259.0
iemilchynskyi,98.39,1.51,,YEMILCHYNSKYI RAION,42160.0
ZHYTOMYRSKYI,93.55,6.11,,ZHYTOMYRSKYI RAION,66922.0
KOROSTENSKYI,97.83,1.7,,KOROSTENSKYI RAION,34297.0
KOROSTYSHIVSKYI,94.75,4.89,,KOROSTYSHIVSKYI RAION,43238.0
LUHYNSKYI,98.3,1.41,,LUHYNSKYI RAION,20858.0
LIUBARSKYI,98.77,1.06,,LIUBARSKYI RAION,31154.0
MALYNSKYI,96.33,3.24,,MALYNSKYI RAION,52147.0
NARODYTSKYI,97.1,1.83,,NARODYTSKYI RAION,11395.0
NOVOHRAD-VOLYNSKYI,98.51,1.35,,NOVOHRAD-VOLYNSKYI RAION,52872.0
OVRUTSKYI,95.88,3.52,,OVRUTSKYI RAION,67876.0
OLEVSKYI,98.23,1.32,,OLEVSKYI RAION,47028.0
POPILNIANSKYI,97.33,2.08,,POPILNIANSKYI RAION,37082.0
RADOMYSHLSKYI,97.24,2.54,,RADOMYSHLSKYI RAION,42259.0
RUZHYNSKYI,98.68,1.09,,RUZHYNSKYI RAION,34372.0
CHERVONOARMIISKYI,98.25,1.48,,CHERVONOARMIISKYI RAION,25964.0
CHERNIAKHIVSKYI,98.58,1.26,,CHERNIAKHIVSKYI RAION,33668.0
CHUDNIVSKYI,97.8,1.99,,CHUDNIVSKYI RAION,43248.0
uzhhorodska,77.55,12.4,,m. UZHHOROD,115568.0
BEREHOVE,38.43,6.29,,BEREHOVE (miskrada),26554.0
mukachivska,77.63,10.72,,m. MUKACHEVE,81637.0
KHUST,90.98,3.83,,KHUST (miskrada),31864.0
BEREHIVSKYI,18.83,0.75,,BEREHIVSKYI RAION,54062.0
VELYKOBEREZNIANSKYI,98.98,0.63,,VELYKOBEREZNIANSKYI RAION,28211.0
VYNOHRADIVSKYI,71.98,1.28,,VYNOHRADIVSKYI RAION,117957.0
VOLOVETSKYI,99.14,0.65,,VOLOVETSKYI RAION,25474.0
IRSHAVSKYI,99.01,0.65,,IRSHAVSKYI RAION,100905.0
MIZHHIRSKYI,99.27,0.45,,MIZHHIRSKYI RAION,49890.0
MUKACHIVSKYI,84.22,0.72,,MUKACHIVSKYI RAION,101443.0
PERECHYNSKYI,96.6,1.28,,PERECHYNSKYI RAION,32026.0
RAKHIVSKYI,84.63,0.89,,RAKHIVSKYI RAION,90945.0
SVALIAVSKYI,97.28,1.58,,SVALIAVSKYI RAION,54869.0
TIACHIVSKYI,83.52,1.06,,TIACHIVSKYI RAION,171850.0
UZHHORODSKYI,58.89,2.47,,UZHHORODSKYI RAION,74399.0
KHUSTSKYI,95.21,0.84,,KHUSTSKYI RAION,96960.0
zaporizka,41.7,56.77,,ZAPORIZHZHIA (miskrada),813250.0
berdianska,24.18,75.05,,BERDIANSK (miskrada),125026.0
melitopolska,20.42,78.14,,m. MELITOPOL,160352.0
tokmatska,70.25,29.35,,m. TOKMAK,36760.0
enerhodarska,37.81,61.69,,m. ENERHODAR,56180.0
iakymivskyi,42.52,55.11,,YAKYMIVSKYI RAION,38071.0
BERDIANSKYI,68.52,27.75,,BERDIANSKYI RAION,31697.0
VASYLIVSKYI,70.78,28.41,,VASYLIVSKYI RAION,74864.0
VELYKOBILOZERSKYI,93.72,5.81,,VELYKOBILOZERSKYI RAION,9363.0
VESELIVSKYI,70.52,28.15,,VESELIVSKYI RAION,25656.0
VILNIANSKYI,84.72,14.7,,VILNIANSKYI RAION,50689.0
HULIAIPILSKYI,94.13,5.22,,HULIAIPILSKYI RAION,34290.0
ZAPORIZKYI,83.85,15.43,,ZAPORIZKYI RAION,54804.0
KAMIANSKO-DNIPROVSKYI,44.48,54.68,,KAMIANSKO-DNIPROVSKYI RAION,45819.0
KUIBYSHEVSKYI,89.12,10.15,,KUIBYSHEVSKYI RAION,27600.0
MELITOPOLSKYI,39.35,58.24,,MELITOPOLSKYI RAION,56326.0
MYKHAILIVSKYI,67.08,31.82,,MYKHAILIVSKYI RAION,33079.0
novomykola‹vskyi,93.78,5.76,,NOVOMYKOLAIVSKYI RAION,19580.0
ORIKHIVSKYI,91.37,8.17,,ORIKHIVSKYI RAION,54462.0
POLOHIVSKYI,92.87,6.54,,POLOHIVSKYI RAION,48043.0
PRYAZOVSKYI,37.36,53.31,,PRYAZOVSKYI RAION,32931.0
PRYMORSKYI,32.47,55.18,,PRYMORSKYI RAION,35284.0
ROZIVSKYI,82.43,16.95,,ROZIVSKYI RAION,11997.0
TOKMATSKYI,79.93,19.47,,TOKMATSKYI RAION,28486.0
CHERNIHIVSKYI,93.54,5.92,,CHERNIHIVSKYI RAION,22201.0
CHERNIHIVSKYI,93.54,5.92,,CHERNIHIVSKYI RAION,61463.0
ivano-frankivska,92.65,6.38,,IVANO-FRANKIVSK (miskrada),230443.0
BOLEKHIV,99.14,0.67,,BOLEKHIV (miskrada),21232.0
KALUSH,95.33,3.19,,m. KALUSH,67887.0
KOLOMYIA,93.11,5.0,,m. KOLOMYIA,61448.0
iaremchanska,99.17,0.63,,YAREMCHE (miskrada),20821.0
BOHORODCHANSKYI,99.63,0.31,,BOHORODCHANSKYI RAION,70212.0
VERKHOVYNSKYI,99.64,0.32,,VERKHOVYNSKYI RAION,30079.0
HALYTSKYI,99.01,0.86,,HALYTSKYI RAION,65640.0
HORODENKIVSKYI,99.59,0.32,,HORODENKIVSKYI RAION,60881.0
DOLYNSKYI,98.74,0.99,,DOLYNSKYI RAION,71059.0
DOLYNSKYI,98.74,0.99,,DOLYNSKYI RAION,37962.0
KALUSKYI,99.65,0.3,,KALUSKYI RAION,62883.0
KOLOMYISKYI,99.54,0.36,,KOLOMYISKYI RAION,105940.0
KOSIVSKYI,99.47,0.41,,KOSIVSKYI RAION,90167.0
NADVIRNIANSKYI,98.78,0.84,,NADVIRNIANSKYI RAION,113508.0
ROHATYNSKYI,99.68,0.25,,ROHATYNSKYI RAION,51125.0
ROZHNIATIVSKYI,99.61,0.33,,ROZHNIATIVSKYI RAION,75598.0
SNIATYNSKYI,99.47,0.4,,SNIATYNSKYI RAION,68971.0
TLUMATSKYI,99.67,0.26,,TLUMATSKYI RAION,52835.0
TYSMENYTSKYI,99.51,0.37,,TYSMENYTSKYI RAION,85400.0
bilotserkivska,86.61,12.31,,m. BILA TSERKVA,196023.0
BEREZAN,92.12,7.45,,m. BEREZAN,17516.0
BORYSPIL,88.39,11.08,,BORYSPIL (miskrada),53953.0
brovarska,86.44,12.89,,m. BROVARY,86165.0
VASYLKIV,87.29,12.19,,m. VASYLKIV,39340.0
irpinska,87.79,11.63,,IRPIN (miskrada),100390.0
pereiaslav-khmelnytska,95.89,3.61,,m. PEREIASLAV-KHMELNYTSKYI,31621.0
fastivska,90.83,8.61,,m. FASTIV,51552.0
RZHYSHCHIV,95.14,4.27,,m. RZHYSHCHIV,8436.0
SLAVUTYCH,55.42,42.58,,m. SLAVUTYCH,24549.0
PRYPIAT,-,-,,PRYPIAT (miskrada),
BARYSHIVSKYI,96.45,3.02,,BARYSHIVSKYI RAION,41543.0
BILOTSERKIVSKYI,95.65,3.95,,BILOTSERKIVSKYI RAION,55608.0
BOHUSLAVSKYI,97.60,2.22,,BOHUSLAVSKYI RAION,40575.0
boryspilska,95.67,3.82,,BORYSPILSKYI RAION,54670.0
BORODIANSKYI,94.67,4.78,,BORODIANSKYI RAION,57481.0
BROVARSKYI,96.87,2.80,,BROVARSKYI RAION,77704.0
VASYLKIVSKYI,95.35,4.15,,VASYLKIVSKYI RAION,70467.0
VOLODARSKYI,97.84,1.90,,VOLODARSKYI RAION,31168.0
VOLODARSKYI,97.84,1.90,,VOLODARSKYI RAION,23345.0
VYSHHORODSKYI,90.28,9.25,,VYSHHORODSKYI RAION,72589.0
zgurivskyi,97.02,2.30,,ZGHURIVSKYI RAION,22916.0
IVANKIVSKYI,96.47,3.12,,IVANKIVSKYI RAION,35374.0
KAHARLYTSKYI,96.97,2.65,,KAHARLYTSKYI RAION,38246.0
KYIEVO-SVIATOSHYNSKYI,91.40,8.06,,KYIEVO-SVIATOSHYNSKYI RAION,154354.0
MAKARIVSKYI,95.69,3.83,,MAKARIVSKYI RAION,48438.0
MYRONIVSKYI,96.68,2.95,,MYRONIVSKYI RAION,40803.0
OBUKHIVSKYI,87.29,12.19,,OBUKHIVSKYI RAION,71510.0
PEREIASLAV-KHMELNYTSKYI,97.14,2.56,,PEREIASLAV-KHMELNYTSKYI RAION,36527.0
POLISKYI,97.23,2.18,,POLISKYI RAION,7572.0
ROKYTNIANSKYI,97.98,1.80,,ROKYTNIANSKYI RAION,36354.0
SKVYRSKYI,97.39,1.93,,SKVYRSKYI RAION,44320.0
STAVYSHCHENSKYI,98.31,1.39,,STAVYSHCHENSKYI RAION,28491.0
TARASHCHANSKYI,97.94,1.68,,TARASHCHANSKYI RAION,36423.0
tetiïvskyi,98.24,1.52,,TETIIVSKYI RAION,37866.0
FASTIVSKYI,96.15,3.28,,FASTIVSKYI RAION,37545.0
iahotynskyi,96.08,3.46,,YAHOTYNSKYI RAION,40795.0
KIROVOHRAD,79.72,19.64,,KIROVOHRAD (miskrada),258543.0
OLEKSANDRIIA,87.0,12.47,,OLEKSANDRIIA (miskrada),103856.0
ZNAMIANKA,79.1,19.85,,ZNAMIANKA (miskrada),35329.0
SVITLOVODSK,79.49,20.03,,SVITLOVODSK (miskrada),57459.0
OLEKSANDRIISKYI,95.03,3.79,,OLEKSANDRIISKYI RAION,41108.0
OLEKSANDRIVSKYI,96.83,2.32,,OLEKSANDRIVSKYI RAION,23036.0
OLEKSANDRIVSKYI,96.83,2.32,,OLEKSANDRIVSKYI RAION,36009.0
BOBRYNETSKYI,96.16,2.27,,BOBRYNETSKYI RAION,31531.0
HAIVORONSKYI,96.54,2.9,,HAIVORONSKYI RAION,43454.0
HOLOVANIVSKYI,95.64,3.71,,HOLOVANIVSKYI RAION,36645.0
DOBROVELYCHKIVSKYI,95.26,3.16,,DOBROVELYCHKIVSKYI RAION,42958.0
DOLYNSKYI,94.42,4.56,,DOLYNSKYI RAION,71059.0
DOLYNSKYI,94.42,4.56,,DOLYNSKYI RAION,37962.0
ZNAMIANSKYI,93.32,5.1,,ZNAMIANSKYI RAION,30232.0
KIROVOHRADSKYI,87.85,10.42,,KIROVOHRADSKYI RAION,37600.0
kompani‹vskyi,95.45,2.53,,KOMPANIIVSKYI RAION,18162.0
MALOVYSKIVSKYI,89.34,9.56,,MALOVYSKIVSKYI RAION,51164.0
NOVHORODKIVSKYI,97.05,2.07,,NOVHORODKIVSKYI RAION,18947.0
NOVOARKHANHELSKYI,96.95,1.87,,NOVOARKHANHELSKYI RAION,31327.0
NOVOMYRHORODSKYI,95.15,2.48,,NOVOMYRHORODSKYI RAION,35835.0
novoukra‹nskyi,95.32,2.67,,NOVOUKRAINSKYI RAION,48486.0
VILSHANSKYI,92.7,2.54,,VILSHANSKYI RAION,16360.0
onufri‹vskyi,86.27,12.88,,ONUFRIIVSKYI RAION,21757.0
PETRIVSKYI,93.58,5.28,,PETRIVSKYI RAION,28954.0
SVITLOVODSKYI,85.92,12.93,,SVITLOVODSKYI RAION,16618.0
ULIANOVSKYI,97.06,1.72,,ULIANOVSKYI RAION,28718.0
USTYNIVSKYI,95.61,2.32,,USTYNIVSKYI RAION,16690.0
luhanska,14.33,84.73,,LUHANSK (miskrada),499252.0
antratsitivska,13.93,83.7,,ANTRATSYT (miskrada),90416.0
briankivska,14.0,85.68,,BRIANKA (miskrada),61449.0
kirovska,20.25,79.3,,KIROVSK (miskrada),44948.0
ALCHEVSKA,15.26,83.58,,m. ALCHEVSK,118611.0
krasnodonska,8.32,91.11,,KRASNODON (miskrada),117730.0
krasnolutska,14.65,83.59,,KRASNYI LUCH (miskrada),145199.0
lysychanska,35.34,62.86,,LYSYCHANSK (miskrada),133140.0
pervomaiska,37.94,57.07,,PERVOMAISK (miskrada),80713.0
rovenkivska,21.24,78.3,,ROVENKY (miskrada),91558.0
rubezhanska,38.95,60.05,,m. RUBIZHNE,65564.0
sverdlovska,14.22,83.53,,SVERDLOVSK (miskrada),110107.0
sieverodonetska,28.31,70.78,,SIEVERODONETSK (miskrada),130047.0
stakhanivska,14.38,83.8,,STAKHANOV (miskrada),108417.0
ANTRATSYTIVSKYI,46.51,53.1,,ANTRATSYTIVSKYI RAION,37451.0
BILOVODSKYI,84.2,15.56,,BILOVODSKYI RAION,27584.0
BILOKURAKYNSKYI,91.39,8.37,,BILOKURAKYNSKYI RAION,23918.0
KRASNODONSKYI,27.26,72.32,,KRASNODONSKYI RAION,32848.0
KREMINSKYI,78.73,20.82,,KREMINSKYI RAION,51691.0
LUTUHYNSKYI,49.33,49.82,,LUTUHYNSKYI RAION,74106.0
markivskyi,93.78,5.8,,MARKIVSKYI RAION,18987.0
MILOVSKYI,73.84,24.12,,MILOVSKYI RAION,17411.0
NOVOAIDARSKYI,45.99,53.61,,NOVOAIDARSKYI RAION,28574.0
NOVOPSKOVSKYI,92.2,7.52,,NOVOPSKOVSKYI RAION,38299.0
PEREVALSKYI,23.15,76.39,,PEREVALSKYI RAION,86631.0
POPASNIANSKYI,64.08,35.6,,POPASNIANSKYI RAION,50533.0
SVATIVSKYI,91.84,7.55,,SVATIVSKYI RAION,42587.0
SVERDLOVSKYI,56.01,41.29,,SVERDLOVSKYI RAION,14227.0
SLOVIANOSERBSKYI,38.94,60.4,,SLOVIANOSERBSKYI RAION,61834.0
STANYCHNO-LUHANSKYI,14.17,85.06,,STANYCHNO-LUHANSKYI RAION,53038.0
STAROBILSKYI,79.17,20.48,,STAROBILSKYI RAION,57620.0
tro‹tskyi,62.76,36.89,,TROITSKYI RAION,25701.0
lvivska,88.75,9.72,,LVIV (miskrada),749768.0
BORYSLAV,97.55,1.94,,BORYSLAV (miskrada),40699.0
drohobytska,94.94,3.77,,DROHOBYCH (miskrada),97683.0
sambirska,95.16,2.31,,m. SAMBIR,36218.0
stryiska,92.98,5.06,,m. STRYI,62051.0
TRUSKAVETS,94.22,4.99,,m. TRUSKAVETS,22489.0
chervonohradska,93.34,6.24,,CHERVONOHRAD (miskrada),85034.0
BRODIVSKYI,98.27,1.56,,BRODIVSKYI RAION,63850.0
BUSKYI,99.36,0.47,,BUSKYI RAION,50871.0
HORODOTSKYI,99.05,0.77,,HORODOTSKYI RAION,73974.0
HORODOTSKYI,99.05,0.77,,HORODOTSKYI RAION,58348.0
DROHOBYTSKYI,99.63,0.27,,DROHOBYTSKYI RAION,76338.0
ZHYDACHIVSKYI,99.27,0.56,,ZHYDACHIVSKYI RAION,80812.0
ZOLOCHIVSKYI,98.97,0.86,,ZOLOCHIVSKYI RAION,74686.0
ZOLOCHIVSKYI,98.97,0.86,,ZOLOCHIVSKYI RAION,34052.0
KAMIANKA-BUZKYI,98.82,0.98,,KAMIANKA-BUZKYI RAION,61832.0
MOSTYSKYI,93.21,0.42,,MOSTYSKYI RAION,61919.0
ZHOVKIVSKYI,99.11,0.67,,ZHOVKIVSKYI RAION,109173.0
mykola‹vskyi,98.47,1.37,,MYKOLAIVSKYI RAION,94506.0
mykola‹vskyi,98.47,1.37,,MYKOLAIVSKYI RAION,34675.0
mykola‹vskyi,98.47,1.37,,MYKOLAIVSKYI RAION,20153.0
PEREMYSHLIANSKYI,99.68,0.25,,PEREMYSHLIANSKYI RAION,47763.0
PUSTOMYTIVSKYI,98.94,0.68,,PUSTOMYTIVSKYI RAION,112009.0
RADEKHIVSKYI,99.55,0.34,,RADEKHIVSKYI RAION,52439.0
SAMBIRSKYI,97.99,0.6,,SAMBIRSKYI RAION,74598.0
SKOLIVSKYI,99.41,0.47,,SKOLIVSKYI RAION,50310.0
SOKALSKYI,99.03,0.79,,SOKALSKYI RAION,98123.0
STAROSAMBIRSKYI,98.76,0.38,,STAROSAMBIRSKYI RAION,82135.0
STRYISKYI,99.27,0.62,,STRYISKYI RAION,68449.0
TURKIVSKYI,99.82,0.14,,TURKIVSKYI RAION,54906.0
iavorivskyi,98.86,1.0,,YAVORIVSKYI RAION,123321.0
mykola‹vska,42.17,56.81,,m. MYKOLAIV,509102.0
voznesenska,86.47,12.5,,m. VOZNESENSK,42248.0
OCHAKIV,70.31,28.49,,m. OCHAKIV,17109.0
PERVOMAISK,82.76,15.79,,m. PERVOMAISK,70746.0
YUZHNOUKRAINSK,66.52,31.37,,m. YUZHNOUKRAINSK,39460.0
ARBUZYNSKYI,88.35,8.9,,ARBUZYNSKYI RAION,24810.0
BASHTANSKYI,91.37,5.51,,BASHTANSKYI RAION,41509.0
BEREZANSKYI,88.87,8.27,,BEREZANSKYI RAION,25141.0
BEREZNEHUVATSKYI,91.65,6.76,,BEREZNEHUVATSKYI RAION,23155.0
BRATSKYI,86.13,9.97,,BRATSKYI RAION,21263.0
VESELYNIVSKYI,92.74,5.47,,VESELYNIVSKYI RAION,27046.0
VOZNESENSKYI,89.57,8.22,,VOZNESENSKYI RAION,36235.0
vradi‹vskyi,96.0,1.82,,VRADIIVSKYI RAION,21223.0
DOMANIVSKYI,94.71,2.67,,DOMANIVSKYI RAION,29106.0
ielanetskyi,92.93,3.58,,YELANETSKYI RAION,18423.0
ZHOVTNEVYI,80.51,18.08,,ZHOVTNEVYI RAION,54763.0
kazanetskyi,81.22,17.26,,KAZANKIVSKYI RAION,24807.0
KRYVOOZERSKYI,96.93,1.82,,KRYVOOZERSKYI RAION,28538.0
MYKOLAIVSKYI,87.4,11.43,,MYKOLAIVSKYI RAION,94506.0
MYKOLAIVSKYI,87.4,11.43,,MYKOLAIVSKYI RAION,34675.0
MYKOLAIVSKYI,87.4,11.43,,MYKOLAIVSKYI RAION,20153.0
NOVOBUZKYI,94.03,4.42,,NOVOBUZKYI RAION,34190.0
NOVOODESKYI,92.42,5.93,,NOVOODESKYI RAION,37543.0
OCHAKIVSKYI,85.21,12.67,,OCHAKIVSKYI RAION,17062.0
PERVOMAISKYI,93.22,4.76,,PERVOMAISKYI RAION,40367.0
PERVOMAISKYI,93.22,4.76,,PERVOMAISKYI RAION,37203.0
PERVOMAISKYI,93.22,4.76,,PERVOMAISKYI RAION,19999.0
SNIHURIVSKYI,90.96,7.74,,SNIHURIVSKYI RAION,47542.0
odeska,30.41,64.75,,m. ODESA,1010298.0
BILHOROD-DNISTROVSKYI,41.84,54.32,,BILHOROD-DNISTROVSKYI (miskrada),57550.0
IZMAIL,18.04,74.24,,m. IZMAIL,85098.0
ILLICHIVSK,41.44,57.3,,ILLICHIVSK (miskrada),63530.0
kotovska,70.32,26.54,,m. KOTOVSK,40664.0
TEPLODAR,55.8,42.43,,m. TEPLODAR,9036.0
YUZHNE,44.76,53.71,,m. YUZHNE,24167.0
anan‹vskyi,78.17,5.27,,ANANIVSKYI RAION,32537.0
ARTSYZKYI,18.24,42.79,,ARTSYZKYI RAION,51742.0
BALTSKYI,89.3,8.7,,BALTSKYI RAION,48604.0
Bilhorod-dnistrovska,80.77,12.96,,BILHOROD-DNISTROVSKYI RAION,62326.0
bilia‹vskyi,80.26,16.87,,BILIAIVSKYI RAION,104723.0
BEREZIVSKYI,88.03,9.04,,BEREZIVSKYI RAION,36046.0
BOLHRADSKYI,4.87,16.32,,BOLHRADSKYI RAION,74951.0
VELYKOMYKHAILIVSKYI,80.36,15.36,,VELYKOMYKHAILIVSKYI RAION,32687.0
IVANIVSKYI,72.56,17.56,,IVANIVSKYI RAION,29658.0
IVANIVSKYI,72.56,17.56,,IVANIVSKYI RAION,18037.0
izma‹lska,26.34,21.56,,IZMAILSKYI RAION,54692.0
KILIISKYI,36.09,44.23,,KILIISKYI RAION,59837.0
KODYMSKYI,95.48,3.42,,KODYMSKYI RAION,34788.0
KOMINTERNIVSKYI,77.28,20.54,,KOMINTERNIVSKYI RAION,67214.0
KOTOVSKYI,68.96,7.7,,KOTOVSKYI RAION,30981.0
KRASNOOKNIANSKYI,86.14,6.61,,KRASNOOKNIANSKYI RAION,22879.0
LIUBASHIVSKYI,93.13,2.69,,LIUBASHIVSKYI RAION,33629.0
MYKOLAIVSKYI,93.39,2.58,,MYKOLAIVSKYI RAION,94506.0
MYKOLAIVSKYI,93.39,2.58,,MYKOLAIVSKYI RAION,34675.0
MYKOLAIVSKYI,93.39,2.58,,MYKOLAIVSKYI RAION,20153.0
OVIDIOPOLSKYI,69.64,27.76,,OVIDIOPOLSKYI RAION,60308.0
rozdilniaskyi,68.06,28.42,,ROZDILNIANSKYI RAION,56897.0
RENIISKYI,7.26,37.88,,RENIISKYI RAION,40680.0
SAVRANSKYI,95.95,2.44,,SAVRANSKYI RAION,22367.0
SARATSKYI,41.29,21.42,,SARATSKYI RAION,49907.0
TARUTYNSKYI,18.79,32.93,,TARUTYNSKYI RAION,45169.0
TATARBUNARSKYI,72.4,7.68,,TATARBUNARSKYI RAION,41710.0
FRUNZIVSKYI,92.09,3.22,,FRUNZIVSKYI RAION,21029.0
shyria‹vskyi,91.13,3.62,,SHYRIAIVSKYI RAION,29809.0
poltavska,85.39,14.06,,m. POLTAVA,310755.0
komsomolska,73.15,26.25,,KOMSOMOLSK (miskrada),54585.0
kremenchutska,75.48,23.94,,m. KREMENCHUK,232960.0
lubenska,91.06,8.61,,m. LUBNY,52218.0
MYRHOROD,88.26,11.34,,m. MYRHOROD,41275.0
VELYKOBAHACHANSKYI,96.74,2.77,,VELYKOBAHACHANSKYI RAION,30064.0
HADIATSKYI,96.86,2.75,,HADIATSKYI RAION,63679.0
HLOBYNSKYI,95.89,3.39,,HLOBYNSKYI RAION,58678.0
HREBINKIVSKYI,95.78,3.62,,HREBINKIVSKYI RAION,26263.0
DYKANSKYI,95.31,3.87,,DYKANSKYI RAION,22002.0
ZINKIVSKYI,96.97,2.28,,ZINKIVSKYI RAION,42196.0
KARLIVSKYI,95.85,3.35,,KARLIVSKYI RAION,41572.0
KOBELIATSKYI,95.97,3.3,,KOBELIATSKYI RAION,54144.0
KOZELSHCHYNSKYI,96.02,3.41,,KOZELSHCHYNSKYI RAION,24954.0
KOTELEVSKYI,97.17,2.44,,KOTELEVSKYI RAION,21614.0
KREMENCHUTSKYI,93.75,5.58,,KREMENCHUTSKYI RAION,43975.0
LOKHVYTSKYI,96.86,2.74,,LOKHVYTSKYI RAION,51495.0
LUBENSKYI,97.45,2.1,,LUBENSKYI RAION,40128.0
MASHIVSKYI,95.35,3.92,,MASHIVSKYI RAION,22947.0
MYRHORODSKYI,97.48,2.32,,MYRHORODSKYI RAION,41148.0
NOVOSANZHARSKYI,95.86,3.42,,NOVOSANZHARSKYI RAION,39983.0
ORZHYTSKYI,97.45,2.06,,ORZHYTSKYI RAION,29620.0
PYRIATYNSKYI,94.79,4.76,,PYRIATYNSKYI RAION,36499.0
POLTAVSKYI,93.81,5.74,,POLTAVSKYI RAION,66704.0
RESHETYLIVSKYI,96.38,2.72,,RESHETYLIVSKYI RAION,29702.0
SEMENIVSKYI,97.26,2.15,,SEMENIVSKYI RAION,32667.0
SEMENIVSKYI,97.26,2.15,,SEMENIVSKYI RAION,23465.0
KHOROLSKYI,97.26,2.46,,KHOROLSKYI RAION,42105.0
CHORNUKHYNSKYI,97.92,1.86,,CHORNUKHYNSKYI RAION,16275.0
CHUTIVSKYI,95.21,3.97,,CHUTIVSKYI RAION,26960.0
SHYSHATSKYI,96.73,2.54,,SHYSHATSKYI RAION,24040.0
rivnenska,92.08,7.48,,m. RIVNE,245323.0
dubnivska,96.15,3.34,,m. DUBNO,38707.0
KUZNETSOVSK,90.42,9.27,,m. KUZNETSOVSK,39643.0
OSTROH,97.32,2.42,,m. OSTROH,14325.0
BEREZNIVSKYI,99.48,0.43,,BEREZNIVSKYI RAION,63987.0
VOLODYMYRETSKYI,99.25,0.62,,VOLODYMYRETSKYI RAION,61981.0
HOSHCHANSKYI,99.08,0.75,,HOSHCHANSKYI RAION,38861.0
DEMYDIVSKYI,99.2,0.63,,DEMYDIVSKYI RAION,16375.0
DUBENSKYI,99.19,0.64,,DUBENSKYI RAION,48704.0
DUBROVYTSKYI,98.92,0.65,,DUBROVYTSKYI RAION,51437.0
ZARICHNENSKYI,99.36,0.39,,ZARICHNENSKYI RAION,36345.0
ZDOLBUNIVSKYI,97.31,2.41,,ZDOLBUNIVSKYI RAION,59007.0
KORETSKYI,99.17,0.67,,KORETSKYI RAION,39337.0
KOSTOPILSKYI,98.45,1.37,,KOSTOPILSKYI RAION,65603.0
MLYNIVSKYI,99.22,0.68,,MLYNIVSKYI RAION,41756.0
OSTROZKYI,99.3,0.55,,OSTROZKYI RAION,31265.0
RIVNENSKYI,98.28,1.52,,RIVNENSKYI RAION,87091.0
ROKYTNIVSKYI,99.3,0.43,,ROKYTNIVSKYI RAION,51926.0
SARNENSKYI,98.16,1.58,,SARNENSKYI RAION,99739.0
RADYVYLIVSKYI,99.11,0.74,,RADYVYLIVSKYI RAION,40033.0
sumska,77.44,20.21,,SUMY (miskrada),294852.0
okhtyrska,87.11,9.95,,OKHTYRKA (miskrada),50036.0
HLUKHIV,83.29,16.4,,HLUKHIV (miskrada),35244.0
konotopska,86.41,12.96,,KONOTOP (miskrada),96365.0
LEBEDYN,93.3,6.46,,LEBEDYN (miskrada),29569.0
romenska,93.98,5.67,,ROMNY (miskrada),49935.0
shostkinska,60.81,35.74,,m. SHOSTKA,87200.0
OKHTYRSKYI,96.22,3.26,,OKHTYRSKYI RAION,31206.0
BILOPILSKYI,93.83,5.35,,BILOPILSKYI RAION,61064.0
BURYNSKYI,96.87,2.53,,BURYNSKYI RAION,36933.0
VELYKOPYSARIVSKYI,72.63,26.98,,VELYKOPYSARIVSKYI RAION,27222.0
HLUKHIVSKYI,78.14,21.68,,HLUKHIVSKYI RAION,32209.0
KONOTOPSKYI,97.4,2.18,,KONOTOPSKYI RAION,39567.0
KRASNOPILSKYI,93.03,6.49,,KRASNOPILSKYI RAION,34113.0
KROLEVETSKYI,95.77,3.81,,KROLEVETSKYI RAION,46752.0
LEBEDYNSKYI,96.06,3.5,,LEBEDYNSKYI RAION,27868.0
LYPOVODOLYNSKYI,97.73,1.85,,LYPOVODOLYNSKYI RAION,23498.0
NEDRYHAILIVSKYI,97.73,1.87,,NEDRYHAILIVSKYI RAION,31321.0
PUTYVLSKYI,38.68,61.02,,PUTYVLSKYI RAION,34401.0
ROMENSKYI,97.6,2.02,,ROMENSKYI RAION,46328.0
SEREDYNO-BUDSKYI,20.75,79.11,,SEREDYNO-BUDSKYI RAION,20955.0
SUMSKYI,93.82,5.49,,SUMSKYI RAION,62800.0
TROSTIANETSKYI,86.11,13.27,,TROSTIANETSKYI RAION,42530.0
TROSTIANETSKYI,86.11,13.27,,TROSTIANETSKYI RAION,42134.0
shostkinskyi,86.51,12.93,,SHOSTKYNSKYI RAION,24749.0
iampilskyi,82.53,16.89,,YAMPILSKYI RAION,47669.0
iampilskyi,82.53,16.89,,YAMPILSKYI RAION,30442.0
ternopilska,94.8,3.37,,m. TERNOPIL,226029.0
BEREZHANSKYI,99.26,0.64,,BEREZHANSKYI RAION,44477.0
BORSHCHIVSKYI,99.15,0.65,,BORSHCHIVSKYI RAION,75358.0
BUCHATSKYI,99.62,0.27,,BUCHATSKYI RAION,65078.0
HUSIATYNSKYI,99.39,0.44,,HUSIATYNSKYI RAION,66803.0
ZALISHCHYTSKYI,99.47,0.45,,ZALISHCHYTSKYI RAION,52915.0
ZBARAZKYI,98.32,1.55,,ZBARAZKYI RAION,60349.0
ZBORIVSKYI,99.68,0.23,,ZBORIVSKYI RAION,47040.0
KOZIVSKYI,99.64,0.28,,KOZIVSKYI RAION,41841.0
KREMENETSKYI,98.69,1.11,,KREMENETSKYI RAION,73190.0
LANOVETSKYI,99.16,0.66,,LANOVETSKYI RAION,33294.0
MONASTYRYSKYI,99.62,0.3,,MONASTYRYSKYI RAION,34537.0
PIDVOLOCHYSKYI,99.48,0.36,,PIDVOLOCHYSKYI RAION,46309.0
PIDHAIETSKYI,99.83,0.13,,PIDHAIETSKYI RAION,22913.0
TEREBOVLIANSKYI,99.4,0.5,,TEREBOVLIANSKYI RAION,70185.0
TERNOPILSKYI,99.53,0.36,,TERNOPILSKYI RAION,60810.0
CHORTKIVSKYI,98.27,1.53,,CHORTKIVSKYI RAION,80861.0
SHUMSKYI,99.44,0.47,,SHUMSKYI RAION,36511.0
kharkivska,31.77,65.86,,m. KHARKIV,1449871.0
iziumska,74.22,23.77,,m. IZIUM,56075.0
kupianska,69.28,25.58,,KUPIANSK (miskrada),62705.0
lozivska,77.21,17.56,,LOZOVA (miskrada),73707.0
LIUBOTYN,86.1,12.59,,LIUBOTYN (miskrada),26805.0
PERVOMAISKYI,42.83,52.65,,PERVOMAISKYI (miskrada),33319.0
chuhu‹vska,29.64,69.52,,CHUHUIV (miskrada),37348.0
BALAKLIISKYI,70.38,28.91,,BALAKLIISKYI RAION,92794.0
BARVINKIVSKYI,91.24,7.75,,BARVINKIVSKYI RAION,32060.0
BLYZNIUKIVSKYI,92.1,6.74,,BLYZNIUKIVSKYI RAION,25768.0
BOHODUKHIVSKYI,93.65,5.55,,BOHODUKHIVSKYI RAION,47560.0
BORIVSKYI,91.52,8.14,,BORIVSKYI RAION,21228.0
VALKIVSKYI,94.23,5.23,,VALKIVSKYI RAION,36808.0
VELYKOBURLUTSKYI,71.82,27.32,,VELYKOBURLUTSKYI RAION,28287.0
VOVCHANSKYI,85.72,13.16,,VOVCHANSKYI RAION,54569.0
zmiïvskyi,76.38,22.49,,ZMIIVSKYI RAION,81307.0
DVORICHANSKYI,84.17,15.02,,DVORICHANSKYI RAION,22323.0
DERHACHIVSKYI,78.08,21.26,,DERHACHIVSKYI RAION,98521.0
ZACHEPYLIVSKYI,83.95,14.89,,ZACHEPYLIVSKYI RAION,19059.0
ZOLOCHIVSKYI,85.66,13.34,,ZOLOCHIVSKYI RAION,74686.0
ZOLOCHIVSKYI,85.66,13.34,,ZOLOCHIVSKYI RAION,34052.0
IZIUMSKYI,91.67,7.47,,IZIUMSKYI RAION,22256.0
KEHYCHIVSKYI,92.05,5.45,,KEHYCHIVSKYI RAION,23459.0
KOLOMATSKYI,94.01,4.46,,KOLOMATSKYI RAION,9038.0
KRASNOHRADSKYI,77.16,21.9,,KRASNOHRADSKYI RAION,49224.0
KRASNOKUTSKYI,94.92,4.35,,KRASNOKUTSKYI RAION,33122.0
KUPIANSKYI,88.94,10.38,,KUPIANSKYI RAION,29882.0
LOZIVSKYI,88.51,10.74,,LOZIVSKYI RAION,34551.0
NOVOVODOLAZKYI,77.69,21.52,,NOVOVODOLAZKYI RAION,40888.0
PERVOMAISKYI,58.16,41.17,,PERVOMAISKYI RAION,40367.0
PERVOMAISKYI,58.16,41.17,,PERVOMAISKYI RAION,37203.0
PERVOMAISKYI,58.16,41.17,,PERVOMAISKYI RAION,19999.0
PECHENIZKYI,92.75,6.87,,PECHENIZKYI RAION,11827.0
SAKHNOVSHCHYNSKYI,94.4,4.54,,SAKHNOVSHCHYNSKYI RAION,26448.0
KHARKIVSKYI,63.88,35.16,,KHARKIVSKYI RAION,186586.0
chuhu‹vskyi,45.23,53.87,,CHUHUIVSKYI RAION,51077.0
SHEVCHENKIVSKYI,91.23,7.75,,SHEVCHENKIVSKYI RAION,23290.0
khersonska,56.2,42.52,,KHERSON (miskrada),362307.0
KAKHOVKA,73.85,25.27,,m. KAKHOVKA,38166.0
novokahovska,58.84,40.3,,NOVA KAKHOVKA (miskrada),75392.0
BILOZERSKYI,87.83,10.61,,BILOZERSKYI RAION,68395.0
BERYSLAVSKYI,89.91,9.04,,BERYSLAVSKYI RAION,55976.0
VELYKOOLEKSANDRIVSKYI,94.53,4.32,,VELYKOOLEKSANDRIVSKYI RAION,31366.0
VELYKOLEPETYSKYI,90.66,8.5,,VELYKOLEPETYSKYI RAION,20798.0
VERKHNOROHACHYTSKYI,93.4,5.66,,VERKHNOROHACHYTSKYI RAION,14303.0
VYSOKOPILSKYI,94.25,4.93,,VYSOKOPILSKYI RAION,17967.0
HENICHESKYI,46.02,45.0,,HENICHESKYI RAION,66287.0
HOLOPRYSTANSKYI,86.56,11.86,,HOLOPRYSTANSKYI RAION,64620.0
hornosta‹vskyi,94.0,4.73,,HORNOSTAIVSKYI RAION,22068.0
IVANIVSKYI,90.15,7.05,,IVANIVSKYI RAION,29658.0
IVANIVSKYI,90.15,7.05,,IVANIVSKYI RAION,18037.0
KALANCHATSKYI,88.78,9.55,,KALANCHATSKYI RAION,25938.0
KAKHOVSKYI,88.06,11.02,,KAKHOVSKYI RAION,40528.0
NYZHNOSIROHOZKYI,80.3,17.45,,NYZHNOSIROHOZKYI RAION,19823.0
NOVOVORONTSOVSKYI,95.6,3.76,,NOVOVORONTSOVSKYI RAION,25113.0
novotro‹tskyi,87.15,10.67,,NOVOTROITSKYI RAION,43131.0
SKADOVSKYI,80.56,17.72,,SKADOVSKYI RAION,49905.0
TSIURUPYNSKYI,82.12,16.74,,TSIURUPYNSKYI RAION,72272.0
CHAPLYNSKYI,83.78,8.93,,CHAPLYNSKYI RAION,40297.0
KHMELNYTSKYI,88.39,10.36,,m. KHMELNYTSKYI,251077.0
kamianets-podilska,91.22,7.08,,m. KAMIANETS-PODILSKYI,98873.0
NETISHYN,87.66,11.41,,m. NETISHYN,34267.0
SLAVUTA,92.34,7.23,,m. SLAVUTA,34278.0
shepetivska,93.46,5.69,,m. SHEPETIVKA,47988.0
STAROKOSTIANTYNIV,92.01,7.46,,m. STAROKOSTIANTYNIV,35015.0
BILOHIRSKYI,99.01,0.83,,BILOHIRSKYI RAION,66458.0
BILOHIRSKYI,99.01,0.83,,BILOHIRSKYI RAION,31707.0
VINKOVETSKYI,97.19,2.58,,VINKOVETSKYI RAION,31085.0
VOLOCHYSKYI,98.46,1.32,,VOLOCHYSKYI RAION,60610.0
HORODOTSKYI,98.46,0.98,,HORODOTSKYI RAION,73974.0
HORODOTSKYI,98.46,0.98,,HORODOTSKYI RAION,58348.0
DERAZHNIANSKYI,98.15,1.37,,DERAZHNIANSKYI RAION,38289.0
DUNAIEVETSKYI,98.43,1.28,,DUNAIEVETSKYI RAION,73276.0
IZIASLAVSKYI,97.0,2.77,,IZIASLAVSKYI RAION,54504.0
KAMIANETS-PODILSKYI,98.59,1.19,,KAMIANETS-PODILSKYI RAION,75506.0
KRASYLIVSKYI,98.35,1.39,,KRASYLIVSKYI RAION,61331.0
LETYCHIVSKYI,98.22,1.54,,LETYCHIVSKYI RAION,34588.0
NOVOUSHYTSKYI,96.48,3.29,,NOVOUSHYTSKYI RAION,36457.0
POLONSKYI,98.38,1.38,,POLONSKYI RAION,51366.0
SLAVUTSKYI,98.84,1.05,,SLAVUTSKYI RAION,37691.0
STAROKOSTIANTYNIVSKYI,98.6,1.12,,STAROKOSTIANTYNIVSKYI RAION,37459.0
STAROSYNIAVSKYI,98.66,0.79,,STAROSYNIAVSKYI RAION,24985.0
TEOFIPOLSKYI,98.88,0.77,,TEOFIPOLSKYI RAION,32247.0
KHMELNYTSKYI,95.82,1.96,,KHMELNYTSKYI RAION,54610.0
CHEMEROVETSKYI,99.12,0.76,,CHEMEROVETSKYI RAION,51009.0
SHEPETIVSKYI,97.9,1.74,,SHEPETIVSKYI RAION,40882.0
iarmolynetskyi,98.11,1.45,,YARMOLYNETSKYI RAION,39201.0
cherkaska,79.07,18.67,,CHERKASY (miskrada),293556.0
VATUTINE,91.87,7.79,,VATUTINE (miskrada),20845.0
kanivska,88.43,11.24,,m. KANIV,26735.0
ZOLOTONOSHA,92.79,6.32,,ZOLOTONOSHA (miskrada),29515.0
SMILA,89.1,10.13,,SMILA (miskrada),68710.0
umanska,93.27,6.38,,m. UMAN,87843.0
HORODYSHCHENSKYI,97.56,1.99,,HORODYSHCHENSKYI RAION,49201.0
DRABIVSKYI,98.01,1.56,,DRABIVSKYI RAION,42818.0
ZHASHKIVSKYI,98.11,1.5,,ZHASHKIVSKYI RAION,45483.0
ZVENYHORODSKYI,97.64,2.02,,ZVENYHORODSKYI RAION,53683.0
ZOLOTONISKYI,96.5,2.96,,ZOLOTONISKYI RAION,48831.0
KAMIANSKYI,96.78,2.97,,KAMIANSKYI RAION,35580.0
KANIVSKYI,96.95,2.75,,KANIVSKYI RAION,24843.0
KATERYNOPILSKYI,98.01,1.6,,KATERYNOPILSKYI RAION,28993.0
KORSUN-SHEVCHENKIVSKYI,96.57,2.5,,KORSUN-SHEVCHENKIVSKYI RAION,50052.0
LYSIANSKYI,98.29,1.42,,LYSIANSKYI RAION,28762.0
MANKIVSKYI,98.12,1.59,,MANKIVSKYI RAION,33196.0
MONASTYRYSHCHENSKYI,98.38,1.29,,MONASTYRYSHCHENSKYI RAION,40501.0
SMILIANSKYI,96.97,2.67,,SMILIANSKYI RAION,38370.0
TALNIVSKYI,97.66,1.77,,TALNIVSKYI RAION,43685.0
UMANSKYI,97.34,2.18,,UMANSKYI RAION,51500.0
KHRYSTYNIVSKYI,97.09,2.25,,KHRYSTYNIVSKYI RAION,39454.0
CHERKASKYI,96.84,2.91,,CHERKASKYI RAION,78346.0
CHORNOBAIVSKYI,97.29,2.27,,CHORNOBAIVSKYI RAION,49741.0
CHYHYRYNSKYI,95.46,3.63,,CHYHYRYNSKYI RAION,36111.0
SHPOLIANSKYI,97.74,1.8,,SHPOLIANSKYI RAION,51959.0
chernihivska,74.01,24.5,,m. CHERNIHIV,299038.0
nizhynska,89.54,8.89,,m. NIZHYN,76059.0
prylutska,92.91,6.77,,m. PRYLUKY,64069.0
BAKHMATSKYI,97.09,2.51,,BAKHMATSKYI RAION,55820.0
BOBROVYTSKYI,97.88,1.75,,BOBROVYTSKYI RAION,40993.0
BORZNIANSKYI,98.43,1.39,,BORZNIANSKYI RAION,43555.0
VARVYNSKYI,96.98,2.71,,VARVYNSKYI RAION,19974.0
HORODNIANSKYI,92.46,6.99,,HORODNIANSKYI RAION,36349.0
ICHNIANSKYI,97.83,2.0,,ICHNIANSKYI RAION,40945.0
KOZELETSKYI,95.77,3.84,,KOZELETSKYI RAION,61636.0
KOROPSKYI,97.8,2.02,,KOROPSKYI RAION,32139.0
KORIUKIVSKYI,96.93,2.81,,KORIUKIVSKYI RAION,33558.0
KULYKIVSKYI,97.97,1.71,,KULYKIVSKYI RAION,22472.0
MENSKYI,97.54,2.14,,MENSKYI RAION,45408.0
NIZHYNSKYI,98.51,1.34,,NIZHYNSKYI RAION,36708.0
NOVHOROD-SIVERSKYI,63.93,35.93,,NOVHOROD-SIVERSKYI RAION,36031.0
NOSIVSKYI,97.92,1.71,,NOSIVSKYI RAION,37439.0
PRYLUTSKYI,97.23,2.44,,PRYLUTSKYI RAION,45127.0
RIPKYNSKYI,87.64,11.4,,RIPKYNSKYI RAION,37547.0
SEMENIVSKYI,80.37,19.39,,SEMENIVSKYI RAION,32667.0
SEMENIVSKYI,80.37,19.39,,SEMENIVSKYI RAION,23465.0
SOSNYTSKYI,98.4,1.44,,SOSNYTSKYI RAION,24715.0
SRIBNIANSKYI,98.32,1.54,,SRIBNIANSKYI RAION,14534.0
talala‹vskyi,97.95,1.89,,TALALAIVSKYI RAION,16583.0
CHERNIHIVSKYI,95.42,4.04,,CHERNIHIVSKYI RAION,22201.0
CHERNIHIVSKYI,95.42,4.04,,CHERNIHIVSKYI RAION,61463.0
SHCHORSKYI,89.36,10.3,,SHCHORSKYI RAION,30438.0
CHERNIVTSI,79.2,15.27,,m. CHERNIVTSI,236691.0
NOVODNISTROVSK,85.67,13.37,,m. NOVODNISTROVSK,10344.0
VYZHNYTSKYI,98.52,1.03,,VYZHNYTSKYI RAION,59993.0
HERTSAIVSKYI,4.83,1.21,,HERTSAIVSKYI RAION,32316.0
HLYBOTSKYI,52.56,1.15,,HLYBOTSKYI RAION,72676.0
zastavnetskyi,99.22,0.59,,ZASTAVNIVSKYI RAION,56261.0
KELMENETSKYI,97.75,1.32,,KELMENETSKYI RAION,48468.0
KITSMANSKYI,98.83,0.9,,KITSMANSKYI RAION,72884.0
novoselitskyi,34.08,1.78,,NOVOSELYTSKYI RAION,87461.0
PUTYLSKYI,99.47,0.37,,PUTYLSKYI RAION,25352.0
SOKYRIANSKYI,90.42,6.4,,SOKYRIANSKYI RAION,48889.0
STOROZHYNETSKYI,61.42,1.81,,STOROZHYNETSKYI RAION,95295.0
KHOTYNSKYI,91.57,1.27,,KHOTYNSKYI RAION,72398.0
KYIV,72.15,25.27,,m. KYIV,2566953.0
holosiïvskyi,75.93,22.17,,"HOLOSIIVSKYI raion, m. KYIV",
DARNYTSKYI,77.91,20.53,,"DARNYTSKYI raion, m. KYIV",
DESNIANSKYI,74.74,23.42,,"DESNIANSKYI raion, m. KYIV",
DNIPROVSKYI,71.9,27.1,,"DNIPROVSKYI raion, m. KYIV",
OBOLONSKYI,70.31,23.6,,"OBOLONSKYI raion, m. KYIV",
PECHERSKYI,60.23,30.67,,"PECHERSKYI raion, m. KYIV",
PODILSKYI,73.94,25.03,,"PODILSKYI raion, m. KYIV",
SVIATOSHYNSKYI,77.16,21.51,,"SVIATOSHYNSKYI raion, m. KYIV",
SOLOMIANSKYI,67.51,30.47,,"SOLOMIANSKYI raion, m. KYIV",
SHEVCHENKIVSKYI,64.65,32.14,,"SHEVCHENKIVSKYI raion, m. KYIV",
SEVASTOPOL,6.76,90.56,,SEVASTOPOL (miskrada),377153.0
SEVASTOPOL,6.48,91.41,, m. SEVASTOPOL,
BALAKLAVSKYI,8.64,89.29,,"BALAKLAVSKYI raion, m. SEVASTOPOL",
HAHARINSKYI,6.27,91.56,,"HAHARINSKYI raion, m. SEVASTOPOL",
LENINSKYI,5.95,91.52,,"LENINSKYI raion, m. SEVASTOPOL",
NAKHIMOVSKYI,6.80,91.7,,"NAKHIMOVSKYI raion, m. SEVASTOPOL",
INKERMAN,5.23,91.17,, m. INKERMAN,
KACHA,5.14,94.04,, smt KACHA,
VYSHNEVE,6.58,74.84,, s. VYSHNEVE,
ORLIVKA,15.15,76.09,, s. ORLIVKA,
OSYPENKO,12.35,83.88,, s. OSYPENKO,
POLIUSHKO,13.35,53.42,, s. POLIUSHKO,
ORLYNIVSKA,12.42,74.71,,ORLYNIVSKA silrada,
ORLYNE,7.74,75.35,, s. ORLYNE,
HONCHARNE,26.09,62.42,, s. HONCHARNE,
KYZYLOVE,15.15,84.85,, s. KYZYLOVE,
KOLKHOZNE,0.0,88.89,, s. KOLKHOZNE,
NOVOBOBRIVSKE,12.50,65.54,, s. NOVOBOBRIVSKE,
OZERNE,1.66,98.34,, s. OZERNE,
PAVLIVKA,17.56,77.52,, s. PAVLIVKA,
PEREDOVE,17.22,69.61,, s. PEREDOVE,
PIDHIRNE,1.61,82.26,, s. PIDHIRNE,
REZERVNE,19.40,78.36,, s. REZERVNE,
RODNYKIVSKE,6.41,79.03,, s. RODNYKIVSKE,
ROZSOSHANKA,1.64,95.9,, s. ROZSOSHANKA,
TYLOVE,9.97,81.44,, s. TYLOVE,
SHYROKE,16.51,69.5,, s. SHYROKE,
TERNIVSKA,13.94,68.91,,TERNIVSKA silrada,
TERNIVKA,13.39,73.62,, s. TERNIVKA,
RIDNE,15.37,56.64,, s. RIDNE,
ANDRIIVSKA,13.53,85.14,,ANDRIIVSKA silrada,
ANDRIIVKA,5.52,93.89,, s. ANDRIIVKA,
SONIACHNYI,21.20,76.77,, s-shche SONIACHNYI,
VERKHNOSADIVSKA,10.52,81.43,,VERKHNOSADIVSKA silrada,
VERKHNOSADOVE,9.48,83.54,, s. VERKHNOSADOVE,
DALNIE,15.67,83.37,, s. DALNIE,
KAMYSHLY,16.67,50.0,, s. KAMYSHLY,
PYROHOVKA,6.34,89.43,, s. PYROHOVKA,
POVOROTNE,14.22,71.55,, s. POVOROTNE,
FRONTOVE,11.95,70.68,, s. FRONTOVE,
FRUKTOVE,8.08,91.73,, s. FRUKTOVE,
krasnolymanska,47.34,51.45,Mykolaivka,,
n.a. ( 394),52.4,46.6,Chasiv Yar,,
n.a. ( 384),54.84,44.8,Novodonetske,,
n.a. ( 319),65.49,33.96,Sviatohirsk,,
n.a. ( 182),56.2,40.1,Hirske urban hromada,,
n.a. ( 181),13.46,86.08,Olkhovatka,,
n.a. ( 511),52.4,44.1,Khartsyzk,,
n.a. ( 493),19.08,80.25,Rozsypne,,
n.a. ( 488),48.3,47.4,zhdanivka,,
n.a. ( 180),,,Part of kharkiv raion,,
