 , .1,Whole population
 ,SIMFEROPOL (miskrada),358108.0
 ,ALUSHTA (miskrada),52215.0
 ,ARMIANSK (miskrada),26867.0
 ,m. DZHANKOI,42861.0
 ,YEVPATORIIA (miskrada),117565.0
 ,m. KERCH,158165.0
 ,m. KRASNOPEREKOPSK,30902.0
 ,m. SAKY,28522.0
 ,SUDAK (miskrada),29448.0
 ,FEODOSIIA (miskrada),108788.0
 ,YALTA (miskrada),139584.0
 ,BAKHCHYSARAISKYI RAION,92542.0
 ,BILOHIRSKYI RAION,66458.0
 ,DZHANKOISKYI RAION,82328.0
 ,KIROVSKYI RAION,58016.0
 ,KRASNOHVARDIISKYI RAION,93782.0
 ,KRASNOPEREKOPSKYI RAION,31843.0
 ,LENINSKYI RAION,69629.0
 ,NYZHNOHIRSKYI RAION,56976.0
 ,PERVOMAISKYI RAION,40367.0
 ,ROZDOLNENSKYI RAION,37185.0
 ,SAKSKYI RAION,80964.0
 ,SIMFEROPOLSKYI RAION,149253.0
 ,SOVIETSKYI RAION,37576.0
 ,CHORNOMORSKYI RAION,34112.0
 ,m. VINNYTSIA,354639.0
 ,m. ZHMERYNKA,37073.0
 ,KOZIATYN (miskrada),27155.0
 ,LADYZHYN (miskrada),23419.0
 ,MOHYLIV-PODILSKYI (miskrada),32513.0
 ,m. KHMILNYK,25181.0
 ,BARSKYI RAION,62239.0
 ,BERSHADSKYI RAION,71310.0
 ,VINNYTSKYI RAION,73430.0
 ,HAISYNSKYI RAION,64732.0
 ,ZHMERYNSKYI RAION,44136.0
 ,ILLINETSKYI RAION,42519.0
 ,KALYNIVSKYI RAION,64936.0
 ,KOZIATYNSKYI RAION,47788.0
 ,KRYZHOPILSKYI RAION,40870.0
 ,LYPOVETSKYI RAION,44194.0
 ,LITYNSKYI RAION,42252.0
 ,MOHYLIV-PODILSKYI RAION,40206.0
 ,MUROVANOKURYLOVETSKYI RAION,32791.0
 ,NEMYRIVSKYI RAION,58873.0
 ,ORATIVSKYI RAION,27314.0
 ,PISHCHANSKYI RAION,25127.0
 ,POHREBYSHCHENSKYI RAION,37704.0
 ,TEPLYTSKYI RAION,35258.0
 ,TOMASHPILSKYI RAION,40608.0
 ,TROSTIANETSKYI RAION,42530.0
 ,TULCHYNSKYI RAION,64927.0
 ,TYVRIVSKYI RAION,47805.0
 ,KHMILNYTSKYI RAION,44110.0
 ,CHERNIVETSKYI RAION,28660.0
 ,CHECHELNYTSKYI RAION,27209.0
 ,SHARHORODSKYI RAION,64767.0
 ,YAMPILSKYI RAION,47669.0
 ,m. LUTSK,205585.0
 ,NOVOVOLYNSK (miskrada),58558.0
 ,m. KOVEL,65777.0
 ,m. VOLODYMYR-VOLYNSKYI,37982.0
 ,VOLODYMYR-VOLYNSKYI RAION,28446.0
 ,HOROKHIVSKYI RAION,57133.0
 ,IVANYCHIVSKYI RAION,35995.0
 ,KAMIN-KASHYRSKYI RAION,62151.0
 ,KIVERTSIVSKYI RAION,65924.0
 ,KOVELSKYI RAION,43340.0
 ,LOKACHYNSKYI RAION,25386.0
 ,LUTSKYI RAION,56231.0
 ,LIUBESHIVSKYI RAION,37124.0
 ,LIUBOMLSKYI RAION,43198.0
 ,MANEVYTSKYI RAION,57411.0
 ,RATNIVSKYI RAION,52530.0
 ,ROZHYSHCHENSKYI RAION,42999.0
 ,STAROVYZHIVSKYI RAION,34188.0
 ,TURIISKYI RAION,29043.0
 ,SHATSKYI RAION,18213.0
 ,DNIPROPETROVSK (miskrada),1069801.0
 ,DNIPRODZERZHYNSK (miskrada),261735.0
 ,ZHOVTI VODY (miskrada),57329.0
 ,KRYVYI RIH (miskrada),710412.0
 ,MARHANETS (miskrada),50443.0
 ,ORDZHONIKIDZE (miskrada),46654.0
 ,TERNIVKA (miskrada),29473.0
 ,m. VILNOHIRSK,24080.0
 ,m. NIKOPOL,138218.0
 ,m. NOVOMOSKOVSK,71860.0
 ,m. PAVLOHRAD,119672.0
 ,m. PERSHOTRAVENSK,29374.0
 ,m. SYNELNYKOVE,32292.0
 ,APOSTOLIVSKYI RAION,64242.0
 ,VASYLKIVSKYI RAION (DNIPROPETROVSKA OBLAST),37340.0
 ,VERKHNODNIPROVSKYI RAION,56932.0
 ,DNIPROPETROVSKYI RAION,78904.0
 ,KRYVORIZKYI RAION,43759.0
 ,KRYNYCHANSKYI RAION,40330.0
 ,MAHDALYNIVSKYI RAION,37606.0
 ,MEZHIVSKYI RAION,28529.0
 ,NIKOPOLSKYI RAION,44716.0
 ,NOVOMOSKOVSKYI RAION,75828.0
 ,PAVLOHRADSKYI RAION,32906.0
 ,PETRYKIVSKYI RAION,25994.0
 ,PETROPAVLIVSKYI RAION,35403.0
 ,POKROVSKYI RAION,41864.0
 ,PIATYKHATSKYI RAION,53275.0
 ,SYNELNYKIVSKYI RAION,41674.0
 ,SOLONIANSKYI RAION,42500.0
 ,SOFIIVSKYI RAION,28541.0
 ,TOMAKIVSKYI RAION,31629.0
 ,TSARYCHANSKYI RAION,30775.0
 ,SHYROKIVSKYI RAION,31361.0
 ,YURIVSKYI RAION,15773.0
 ,DONETSK (miskrada),1024678.0
 ,ARTEMIVSK (miskrada),113785.0
 ,HORLIVKA (miskrada),312284.0
 ,DEBALTSEVE (miskrada),53412.0
 ,DZERZHYNSK (miskrada),86281.0
 ,DYMYTROV (miskrada),56702.0
 ,DOBROPILLIA (miskrada),72817.0
 ,DOKUCHAIVSK (miskrada),25024.0
 ,DRUZHKIVKA (miskrada),75006.0
 ,YENAKIIEVE (miskrada),162778.0
 ,ZHDANIVKA (miskrada),14375.0
 ,KRAMATORSK (miskrada),215729.0
 ,KRASNYI LYMAN (miskrada),28996.0
 ,KRASNOARMIISK (miskrada),82830.0
 ,MAKIIVKA (miskrada),431023.0
 ,MARIUPOL (miskrada),510835.0
 ,SELIDOVE (miskrada),62819.0
 ,SLOVIANSK (miskrada),142873.0
 ,SNIZHNE (miskrada),83046.0
 ,TOREZ (miskrada),96026.0
 ,KHARTSYZK (miskrada),113685.0
 ,SHAKHTARSK (miskrada),72711.0
 ,m. AVDIIVKA,37237.0
 ,m. VUHLEDAR,17518.0
 ,m. KIROVSKE,31041.0
 ,m. KOSTIANTYNIVKA,94886.0
 ,m. NOVOHRODIVKA,17559.0
 ,m. YASYNUVATA,36903.0
 ,AMVROSIIVSKYI RAION,54939.0
 ,ARTEMIVSKYI RAION,54065.0
 ,VELYKONOVOSILKIVSKYI RAION,49323.0
 ,VOLNOVASKYI RAION,92489.0
 ,VOLODARSKYI RAION,31168.0
 ,DOBROPILSKYI RAION,20659.0
 ,KOSTIANTYNIVSKYI RAION,21132.0
 ,KRASNOARMIISKYI RAION,37567.0
 ,KRASNOLYMANSKYI RAION,24974.0
 ,MARINSKYI RAION,90045.0
 ,NOVOAZOVSKYI RAION,38902.0
 ,OLEKSANDRIVSKYI RAION,23036.0
 ,PERSHOTRAVNEVYI RAION,29312.0
 ,SLOVIANSKYI RAION,39188.0
 ,STAROBESHIVSKYI RAION,55952.0
 ,TELMANIVSKYI RAION,35365.0
 ,SHAKHTARSKYI RAION,24262.0
 ,YASYNUVATSKYI RAION,30326.0
 ,m. ZHYTOMYR,282823.0
 ,m. BERDYCHIV,87193.0
 ,m. KOROSTEN,66850.0
 ,m. NOVOHRAD-VOLYNSKYI,56555.0
 ,ANDRUSHIVSKYI RAION,38769.0
 ,BARANIVSKYI RAION,45964.0
 ,BERDYCHIVSKYI RAION,34559.0
 ,BRUSYLIVSKYI RAION,18165.0
 ,VOLODARSKO-VOLYNSKYI RAION,38616.0
 ,YEMILCHYNSKYI RAION,42160.0
 ,ZHYTOMYRSKYI RAION,66922.0
 ,KOROSTENSKYI RAION,34297.0
 ,KOROSTYSHIVSKYI RAION,43238.0
 ,LUHYNSKYI RAION,20858.0
 ,LIUBARSKYI RAION,31154.0
 ,MALYNSKYI RAION,52147.0
 ,NARODYTSKYI RAION,11395.0
 ,NOVOHRAD-VOLYNSKYI RAION,52872.0
 ,OVRUTSKYI RAION,67876.0
 ,OLEVSKYI RAION,47028.0
 ,POPILNIANSKYI RAION,37082.0
 ,RADOMYSHLSKYI RAION,42259.0
 ,DZERZHYNSKYI RAION,33259.0
 ,RUZHYNSKYI RAION,34372.0
 ,CHERVONOARMIISKYI RAION,25964.0
 ,CHERNIAKHIVSKYI RAION,33668.0
 ,CHUDNIVSKYI RAION,43248.0
 ,m. UZHHOROD,115568.0
 ,m. MUKACHEVE,81637.0
 ,KHUST (miskrada),31864.0
 ,BEREHOVE (miskrada),26554.0
 ,BEREHIVSKYI RAION,54062.0
 ,VELYKOBEREZNIANSKYI RAION,28211.0
 ,VYNOHRADIVSKYI RAION,117957.0
 ,VOLOVETSKYI RAION,25474.0
 ,IRSHAVSKYI RAION,100905.0
 ,MIZHHIRSKYI RAION,49890.0
 ,MUKACHIVSKYI RAION,101443.0
 ,PERECHYNSKYI RAION,32026.0
 ,RAKHIVSKYI RAION,90945.0
 ,SVALIAVSKYI RAION,54869.0
 ,TIACHIVSKYI RAION,171850.0
 ,UZHHORODSKYI RAION,74399.0
 ,KHUSTSKYI RAION,96960.0
 ,ZAPORIZHZHIA (miskrada),813250.0
 ,BERDIANSK (miskrada),125026.0
 ,m. ENERHODAR,56180.0
 ,m. MELITOPOL,160352.0
 ,m. TOKMAK,36760.0
 ,BERDIANSKYI RAION,31697.0
 ,VILNIANSKYI RAION,50689.0
 ,VASYLIVSKYI RAION,74864.0
 ,VELYKOBILOZERSKYI RAION,9363.0
 ,VESELIVSKYI RAION,25656.0
 ,HULIAIPILSKYI RAION,34290.0
 ,ZAPORIZKYI RAION,54804.0
 ,KAMIANSKO-DNIPROVSKYI RAION,45819.0
 ,KUIBYSHEVSKYI RAION,27600.0
 ,MELITOPOLSKYI RAION,56326.0
 ,MYKHAILIVSKYI RAION,33079.0
 ,NOVOMYKOLAIVSKYI RAION,19580.0
 ,ORIKHIVSKYI RAION,54462.0
 ,POLOHIVSKYI RAION,48043.0
 ,PRYAZOVSKYI RAION,32931.0
 ,PRYMORSKYI RAION,35284.0
 ,ROZIVSKYI RAION,11997.0
 ,TOKMATSKYI RAION,28486.0
 ,CHERNIHIVSKYI RAION,22201.0
 ,YAKYMIVSKYI RAION,38071.0
 ,IVANO-FRANKIVSK (miskrada),230443.0
 ,BOLEKHIV (miskrada),21232.0
 ,m. KALUSH,67887.0
 ,m. KOLOMYIA,61448.0
 ,YAREMCHE (miskrada),20821.0
 ,BOHORODCHANSKYI RAION,70212.0
 ,VERKHOVYNSKYI RAION,30079.0
 ,HALYTSKYI RAION,65640.0
 ,HORODENKIVSKYI RAION,60881.0
 ,DOLYNSKYI RAION,71059.0
 ,KALUSKYI RAION,62883.0
 ,KOLOMYISKYI RAION,105940.0
 ,KOSIVSKYI RAION,90167.0
 ,NADVIRNIANSKYI RAION,113508.0
 ,ROHATYNSKYI RAION,51125.0
 ,ROZHNIATIVSKYI RAION,75598.0
 ,SNIATYNSKYI RAION,68971.0
 ,TYSMENYTSKYI RAION,85400.0
 ,TLUMATSKYI RAION,52835.0
 ,m. BILA TSERKVA,196023.0
 ,m. BEREZAN,17516.0
 ,BORYSPIL (miskrada),53953.0
 ,m. BROVARY,86165.0
 ,m. VASYLKIV,39340.0
 ,IRPIN (miskrada),100390.0
 ,m. PEREIASLAV-KHMELNYTSKYI,31621.0
 ,m. RZHYSHCHIV,8436.0
 ,m. SLAVUTYCH,24549.0
 ,m. FASTIV,51552.0
 ,BARYSHIVSKYI RAION,41543.0
 ,BILOTSERKIVSKYI RAION,55608.0
 ,BOHUSLAVSKYI RAION,40575.0
 ,BORYSPILSKYI RAION,54670.0
 ,BORODIANSKYI RAION,57481.0
 ,BROVARSKYI RAION,77704.0
 ,VASYLKIVSKYI RAION,70467.0
 ,VOLODARSKYI RAION,23345.0
 ,VYSHHORODSKYI RAION,72589.0
 ,ZGHURIVSKYI RAION,22916.0
 ,IVANKIVSKYI RAION,35374.0
 ,KAHARLYTSKYI RAION,38246.0
 ,KYIEVO-SVIATOSHYNSKYI RAION,154354.0
 ,MAKARIVSKYI RAION,48438.0
 ,MYRONIVSKYI RAION,40803.0
 ,OBUKHIVSKYI RAION,71510.0
 ,PEREIASLAV-KHMELNYTSKYI RAION,36527.0
 ,POLISKYI RAION,7572.0
 ,ROKYTNIANSKYI RAION,36354.0
 ,SKVYRSKYI RAION,44320.0
 ,STAVYSHCHENSKYI RAION,28491.0
 ,TARASHCHANSKYI RAION,36423.0
 ,TETIIVSKYI RAION,37866.0
 ,FASTIVSKYI RAION,37545.0
 ,YAHOTYNSKYI RAION,40795.0
 ,KIROVOHRAD (miskrada),258543.0
 ,ZNAMIANKA (miskrada),35329.0
 ,OLEKSANDRIIA (miskrada),103856.0
 ,SVITLOVODSK (miskrada),57459.0
 ,BOBRYNETSKYI RAION,31531.0
 ,VILSHANSKYI RAION,16360.0
 ,HAIVORONSKYI RAION,43454.0
 ,HOLOVANIVSKYI RAION,36645.0
 ,DOBROVELYCHKIVSKYI RAION,42958.0
 ,DOLYNSKYI RAION,37962.0
 ,ZNAMIANSKYI RAION,30232.0
 ,KIROVOHRADSKYI RAION,37600.0
 ,KOMPANIIVSKYI RAION,18162.0
 ,MALOVYSKIVSKYI RAION,51164.0
 ,NOVHORODKIVSKYI RAION,18947.0
 ,NOVOARKHANHELSKYI RAION,31327.0
 ,NOVOMYRHORODSKYI RAION,35835.0
 ,NOVOUKRAINSKYI RAION,48486.0
 ,OLEKSANDRIVSKYI RAION,36009.0
 ,OLEKSANDRIISKYI RAION,41108.0
 ,ONUFRIIVSKYI RAION,21757.0
 ,PETRIVSKYI RAION,28954.0
 ,SVITLOVODSKYI RAION,16618.0
 ,ULIANOVSKYI RAION,28718.0
 ,USTYNIVSKYI RAION,16690.0
 ,LUHANSK (miskrada),499252.0
 ,ANTRATSYT (miskrada),90416.0
 ,BRIANKA (miskrada),61449.0
 ,KIROVSK (miskrada),44948.0
 ,KRASNYI LUCH (miskrada),145199.0
 ,KRASNODON (miskrada),117730.0
 ,LYSYCHANSK (miskrada),133140.0
 ,PERVOMAISK (miskrada),80713.0
 ,ROVENKY (miskrada),91558.0
 ,SVERDLOVSK (miskrada),110107.0
 ,SIEVERODONETSK (miskrada),130047.0
 ,STAKHANOV (miskrada),108417.0
 ,m. ALCHEVSK,118611.0
 ,m. RUBIZHNE,65564.0
 ,ANTRATSYTIVSKYI RAION,37451.0
 ,BILOVODSKYI RAION,27584.0
 ,BILOKURAKYNSKYI RAION,23918.0
 ,KRASNODONSKYI RAION,32848.0
 ,KREMINSKYI RAION,51691.0
 ,LUTUHYNSKYI RAION,74106.0
 ,MILOVSKYI RAION,17411.0
 ,MARKIVSKYI RAION,18987.0
 ,NOVOAIDARSKYI RAION,28574.0
 ,NOVOPSKOVSKYI RAION,38299.0
 ,PEREVALSKYI RAION,86631.0
 ,POPASNIANSKYI RAION,50533.0
 ,SVATIVSKYI RAION,42587.0
 ,SVERDLOVSKYI RAION,14227.0
 ,SLOVIANOSERBSKYI RAION,61834.0
 ,STANYCHNO-LUHANSKYI RAION,53038.0
 ,STAROBILSKYI RAION,57620.0
 ,TROITSKYI RAION,25701.0
 ,LVIV (miskrada),749768.0
 ,BORYSLAV (miskrada),40699.0
 ,DROHOBYCH (miskrada),97683.0
 ,CHERVONOHRAD (miskrada),85034.0
 ,m. SAMBIR,36218.0
 ,m. STRYI,62051.0
 ,m. TRUSKAVETS,22489.0
 ,BRODIVSKYI RAION,63850.0
 ,BUSKYI RAION,50871.0
 ,HORODOTSKYI RAION,73974.0
 ,DROHOBYTSKYI RAION,76338.0
 ,ZHYDACHIVSKYI RAION,80812.0
 ,ZHOVKIVSKYI RAION,109173.0
 ,ZOLOCHIVSKYI RAION,74686.0
 ,KAMIANKA-BUZKYI RAION,61832.0
 ,MYKOLAIVSKYI RAION,94506.0
 ,MOSTYSKYI RAION,61919.0
 ,PEREMYSHLIANSKYI RAION,47763.0
 ,PUSTOMYTIVSKYI RAION,112009.0
 ,RADEKHIVSKYI RAION,52439.0
 ,SAMBIRSKYI RAION,74598.0
 ,SKOLIVSKYI RAION,50310.0
 ,SOKALSKYI RAION,98123.0
 ,STAROSAMBIRSKYI RAION,82135.0
 ,STRYISKYI RAION,68449.0
 ,TURKIVSKYI RAION,54906.0
 ,YAVORIVSKYI RAION,123321.0
 ,m. MYKOLAIV,509102.0
 ,m. VOZNESENSK,42248.0
 ,m. OCHAKIV,17109.0
 ,m. PERVOMAISK,70746.0
 ,m. YUZHNOUKRAINSK,39460.0
 ,ARBUZYNSKYI RAION,24810.0
 ,BASHTANSKYI RAION,41509.0
 ,BEREZANSKYI RAION,25141.0
 ,BEREZNEHUVATSKYI RAION,23155.0
 ,BRATSKYI RAION,21263.0
 ,VESELYNIVSKYI RAION,27046.0
 ,VOZNESENSKYI RAION,36235.0
 ,VRADIIVSKYI RAION,21223.0
 ,DOMANIVSKYI RAION,29106.0
 ,YELANETSKYI RAION,18423.0
 ,ZHOVTNEVYI RAION,54763.0
 ,KAZANKIVSKYI RAION,24807.0
 ,KRYVOOZERSKYI RAION,28538.0
 ,MYKOLAIVSKYI RAION,34675.0
 ,NOVOBUZKYI RAION,34190.0
 ,NOVOODESKYI RAION,37543.0
 ,OCHAKIVSKYI RAION,17062.0
 ,PERVOMAISKYI RAION,37203.0
 ,SNIHURIVSKYI RAION,47542.0
 ,m. ODESA,1010298.0
 ,m. IZMAIL,85098.0
 ,m. KOTOVSK,40664.0
 ,m. TEPLODAR,9036.0
 ,m. YUZHNE,24167.0
 ,BILHOROD-DNISTROVSKYI (miskrada),57550.0
 ,ILLICHIVSK (miskrada),63530.0
 ,ANANIVSKYI RAION,32537.0
 ,ARTSYZKYI RAION,51742.0
 ,BALTSKYI RAION,48604.0
 ,BEREZIVSKYI RAION,36046.0
 ,BILHOROD-DNISTROVSKYI RAION,62326.0
 ,BILIAIVSKYI RAION,104723.0
 ,BOLHRADSKYI RAION,74951.0
 ,VELYKOMYKHAILIVSKYI RAION,32687.0
 ,IVANIVSKYI RAION,29658.0
 ,IZMAILSKYI RAION,54692.0
 ,KILIISKYI RAION,59837.0
 ,KODYMSKYI RAION,34788.0
 ,KOMINTERNIVSKYI RAION,67214.0
 ,KOTOVSKYI RAION,30981.0
 ,KRASNOOKNIANSKYI RAION,22879.0
 ,LIUBASHIVSKYI RAION,33629.0
 ,MYKOLAIVSKYI RAION,20153.0
 ,OVIDIOPOLSKYI RAION,60308.0
 ,RENIISKYI RAION,40680.0
 ,ROZDILNIANSKYI RAION,56897.0
 ,SAVRANSKYI RAION,22367.0
 ,SARATSKYI RAION,49907.0
 ,TARUTYNSKYI RAION,45169.0
 ,TATARBUNARSKYI RAION,41710.0
 ,FRUNZIVSKYI RAION,21029.0
 ,SHYRIAIVSKYI RAION,29809.0
 ,m. POLTAVA,310755.0
 ,m. KREMENCHUK,232960.0
 ,m. LUBNY,52218.0
 ,m. MYRHOROD,41275.0
 ,KOMSOMOLSK (miskrada),54585.0
 ,VELYKOBAHACHANSKYI RAION,30064.0
 ,HADIATSKYI RAION,63679.0
 ,HLOBYNSKYI RAION,58678.0
 ,HREBINKIVSKYI RAION,26263.0
 ,DYKANSKYI RAION,22002.0
 ,ZINKIVSKYI RAION,42196.0
 ,KARLIVSKYI RAION,41572.0
 ,KOBELIATSKYI RAION,54144.0
 ,KOZELSHCHYNSKYI RAION,24954.0
 ,KOTELEVSKYI RAION,21614.0
 ,KREMENCHUTSKYI RAION,43975.0
 ,LOKHVYTSKYI RAION,51495.0
 ,LUBENSKYI RAION,40128.0
 ,MASHIVSKYI RAION,22947.0
 ,MYRHORODSKYI RAION,41148.0
 ,NOVOSANZHARSKYI RAION,39983.0
 ,ORZHYTSKYI RAION,29620.0
 ,PYRIATYNSKYI RAION,36499.0
 ,POLTAVSKYI RAION,66704.0
 ,RESHETYLIVSKYI RAION,29702.0
 ,SEMENIVSKYI RAION,32667.0
 ,KHOROLSKYI RAION,42105.0
 ,CHORNUKHYNSKYI RAION,16275.0
 ,CHUTIVSKYI RAION,26960.0
 ,SHYSHATSKYI RAION,24040.0
 ,m. RIVNE,245323.0
 ,m. DUBNO,38707.0
 ,m. KUZNETSOVSK,39643.0
 ,m. OSTROH,14325.0
 ,BEREZNIVSKYI RAION,63987.0
 ,VOLODYMYRETSKYI RAION,61981.0
 ,HOSHCHANSKYI RAION,38861.0
 ,DEMYDIVSKYI RAION,16375.0
 ,DUBENSKYI RAION,48704.0
 ,DUBROVYTSKYI RAION,51437.0
 ,ZARICHNENSKYI RAION,36345.0
 ,ZDOLBUNIVSKYI RAION,59007.0
 ,KORETSKYI RAION,39337.0
 ,KOSTOPILSKYI RAION,65603.0
 ,MLYNIVSKYI RAION,41756.0
 ,OSTROZKYI RAION,31265.0
 ,RIVNENSKYI RAION,87091.0
 ,RADYVYLIVSKYI RAION,40033.0
 ,ROKYTNIVSKYI RAION,51926.0
 ,SARNENSKYI RAION,99739.0
 ,SUMY (miskrada),294852.0
 ,HLUKHIV (miskrada),35244.0
 ,KONOTOP (miskrada),96365.0
 ,LEBEDYN (miskrada),29569.0
 ,OKHTYRKA (miskrada),50036.0
 ,ROMNY (miskrada),49935.0
 ,m. SHOSTKA,87200.0
 ,BILOPILSKYI RAION,61064.0
 ,BURYNSKYI RAION,36933.0
 ,VELYKOPYSARIVSKYI RAION,27222.0
 ,HLUKHIVSKYI RAION,32209.0
 ,KONOTOPSKYI RAION,39567.0
 ,KRASNOPILSKYI RAION,34113.0
 ,KROLEVETSKYI RAION,46752.0
 ,LEBEDYNSKYI RAION,27868.0
 ,LYPOVODOLYNSKYI RAION,23498.0
 ,NEDRYHAILIVSKYI RAION,31321.0
 ,OKHTYRSKYI RAION,31206.0
 ,PUTYVLSKYI RAION,34401.0
 ,ROMENSKYI RAION,46328.0
 ,SEREDYNO-BUDSKYI RAION,20955.0
 ,SUMSKYI RAION,62800.0
 ,TROSTIANETSKYI RAION,42134.0
 ,SHOSTKYNSKYI RAION,24749.0
 ,YAMPILSKYI RAION,30442.0
 ,m. TERNOPIL,226029.0
 ,BEREZHANSKYI RAION,44477.0
 ,BORSHCHIVSKYI RAION,75358.0
 ,BUCHATSKYI RAION,65078.0
 ,HUSIATYNSKYI RAION,66803.0
 ,ZALISHCHYTSKYI RAION,52915.0
 ,ZBARAZKYI RAION,60349.0
 ,ZBORIVSKYI RAION,47040.0
 ,KOZIVSKYI RAION,41841.0
 ,KREMENETSKYI RAION,73190.0
 ,LANOVETSKYI RAION,33294.0
 ,MONASTYRYSKYI RAION,34537.0
 ,PIDVOLOCHYSKYI RAION,46309.0
 ,PIDHAIETSKYI RAION,22913.0
 ,TEREBOVLIANSKYI RAION,70185.0
 ,TERNOPILSKYI RAION,60810.0
 ,CHORTKIVSKYI RAION,80861.0
 ,SHUMSKYI RAION,36511.0
 ,m. KHARKIV,1449871.0
 ,m. IZIUM,56075.0
 ,KUPIANSK (miskrada),62705.0
 ,LOZOVA (miskrada),73707.0
 ,LIUBOTYN (miskrada),26805.0
 ,PERVOMAISKYI (miskrada),33319.0
 ,CHUHUIV (miskrada),37348.0
 ,BALAKLIISKYI RAION,92794.0
 ,BARVINKIVSKYI RAION,32060.0
 ,BLYZNIUKIVSKYI RAION,25768.0
 ,BOHODUKHIVSKYI RAION,47560.0
 ,BORIVSKYI RAION,21228.0
 ,VALKIVSKYI RAION,36808.0
 ,VELYKOBURLUTSKYI RAION,28287.0
 ,VOVCHANSKYI RAION,54569.0
 ,DVORICHANSKYI RAION,22323.0
 ,DERHACHIVSKYI RAION,98521.0
 ,ZACHEPYLIVSKYI RAION,19059.0
 ,ZMIIVSKYI RAION,81307.0
 ,ZOLOCHIVSKYI RAION,34052.0
 ,IZIUMSKYI RAION,22256.0
 ,KEHYCHIVSKYI RAION,23459.0
 ,KOLOMATSKYI RAION,9038.0
 ,KRASNOHRADSKYI RAION,49224.0
 ,KRASNOKUTSKYI RAION,33122.0
 ,KUPIANSKYI RAION,29882.0
 ,LOZIVSKYI RAION,34551.0
 ,NOVOVODOLAZKYI RAION,40888.0
 ,PERVOMAISKYI RAION,19999.0
 ,PECHENIZKYI RAION,11827.0
 ,SAKHNOVSHCHYNSKYI RAION,26448.0
 ,KHARKIVSKYI RAION,186586.0
 ,CHUHUIVSKYI RAION,51077.0
 ,SHEVCHENKIVSKYI RAION,23290.0
 ,KHERSON (miskrada),362307.0
 ,NOVA KAKHOVKA (miskrada),75392.0
 ,m. KAKHOVKA,38166.0
 ,BILOZERSKYI RAION,68395.0
 ,BERYSLAVSKYI RAION,55976.0
 ,VELYKOLEPETYSKYI RAION,20798.0
 ,VELYKOOLEKSANDRIVSKYI RAION,31366.0
 ,VERKHNOROHACHYTSKYI RAION,14303.0
 ,VYSOKOPILSKYI RAION,17967.0
 ,HENICHESKYI RAION,66287.0
 ,HOLOPRYSTANSKYI RAION,64620.0
 ,HORNOSTAIVSKYI RAION,22068.0
 ,IVANIVSKYI RAION,18037.0
 ,KALANCHATSKYI RAION,25938.0
 ,KAKHOVSKYI RAION,40528.0
 ,NYZHNOSIROHOZKYI RAION,19823.0
 ,NOVOVORONTSOVSKYI RAION,25113.0
 ,NOVOTROITSKYI RAION,43131.0
 ,SKADOVSKYI RAION,49905.0
 ,TSIURUPYNSKYI RAION,72272.0
 ,CHAPLYNSKYI RAION,40297.0
 ,m. KHMELNYTSKYI,251077.0
 ,m. KAMIANETS-PODILSKYI,98873.0
 ,m. NETISHYN,34267.0
 ,m. SLAVUTA,34278.0
 ,m. STAROKOSTIANTYNIV,35015.0
 ,m. SHEPETIVKA,47988.0
 ,BILOHIRSKYI RAION,31707.0
 ,VINKOVETSKYI RAION,31085.0
 ,VOLOCHYSKYI RAION,60610.0
 ,HORODOTSKYI RAION,58348.0
 ,DERAZHNIANSKYI RAION,38289.0
 ,DUNAIEVETSKYI RAION,73276.0
 ,IZIASLAVSKYI RAION,54504.0
 ,KAMIANETS-PODILSKYI RAION,75506.0
 ,KRASYLIVSKYI RAION,61331.0
 ,LETYCHIVSKYI RAION,34588.0
 ,NOVOUSHYTSKYI RAION,36457.0
 ,POLONSKYI RAION,51366.0
 ,SLAVUTSKYI RAION,37691.0
 ,STAROKOSTIANTYNIVSKYI RAION,37459.0
 ,STAROSYNIAVSKYI RAION,24985.0
 ,TEOFIPOLSKYI RAION,32247.0
 ,KHMELNYTSKYI RAION,54610.0
 ,CHEMEROVETSKYI RAION,51009.0
 ,SHEPETIVSKYI RAION,40882.0
 ,YARMOLYNETSKYI RAION,39201.0
 ,CHERKASY (miskrada),293556.0
 ,VATUTINE (miskrada),20845.0
 ,ZOLOTONOSHA (miskrada),29515.0
 ,SMILA (miskrada),68710.0
 ,m. KANIV,26735.0
 ,m. UMAN,87843.0
 ,HORODYSHCHENSKYI RAION,49201.0
 ,DRABIVSKYI RAION,42818.0
 ,ZHASHKIVSKYI RAION,45483.0
 ,ZVENYHORODSKYI RAION,53683.0
 ,ZOLOTONISKYI RAION,48831.0
 ,KAMIANSKYI RAION,35580.0
 ,KANIVSKYI RAION,24843.0
 ,KATERYNOPILSKYI RAION,28993.0
 ,KORSUN-SHEVCHENKIVSKYI RAION,50052.0
 ,LYSIANSKYI RAION,28762.0
 ,MANKIVSKYI RAION,33196.0
 ,MONASTYRYSHCHENSKYI RAION,40501.0
 ,SMILIANSKYI RAION,38370.0
 ,TALNIVSKYI RAION,43685.0
 ,UMANSKYI RAION,51500.0
 ,KHRYSTYNIVSKYI RAION,39454.0
 ,CHERKASKYI RAION,78346.0
 ,CHYHYRYNSKYI RAION,36111.0
 ,CHORNOBAIVSKYI RAION,49741.0
 ,SHPOLIANSKYI RAION,51959.0
 ,m. CHERNIVTSI,236691.0
 ,m. NOVODNISTROVSK,10344.0
 ,VYZHNYTSKYI RAION,59993.0
 ,HERTSAIVSKYI RAION,32316.0
 ,HLYBOTSKYI RAION,72676.0
 ,ZASTAVNIVSKYI RAION,56261.0
 ,KITSMANSKYI RAION,72884.0
 ,KELMENETSKYI RAION,48468.0
 ,NOVOSELYTSKYI RAION,87461.0
 ,PUTYLSKYI RAION,25352.0
 ,SOKYRIANSKYI RAION,48889.0
 ,STOROZHYNETSKYI RAION,95295.0
 ,KHOTYNSKYI RAION,72398.0
 ,m. CHERNIHIV,299038.0
 ,m. NIZHYN,76059.0
 ,m. PRYLUKY,64069.0
 ,BAKHMATSKYI RAION,55820.0
 ,BOBROVYTSKYI RAION,40993.0
 ,BORZNIANSKYI RAION,43555.0
 ,VARVYNSKYI RAION,19974.0
 ,HORODNIANSKYI RAION,36349.0
 ,ICHNIANSKYI RAION,40945.0
 ,KOZELETSKYI RAION,61636.0
 ,KOROPSKYI RAION,32139.0
 ,KORIUKIVSKYI RAION,33558.0
 ,KULYKIVSKYI RAION,22472.0
 ,MENSKYI RAION,45408.0
 ,NIZHYNSKYI RAION,36708.0
 ,NOVHOROD-SIVERSKYI RAION,36031.0
 ,NOSIVSKYI RAION,37439.0
 ,PRYLUTSKYI RAION,45127.0
 ,RIPKYNSKYI RAION,37547.0
 ,SEMENIVSKYI RAION,23465.0
 ,SOSNYTSKYI RAION,24715.0
 ,SRIBNIANSKYI RAION,14534.0
 ,TALALAIVSKYI RAION,16583.0
 ,CHERNIHIVSKYI RAION,61463.0
 ,SHCHORSKYI RAION,30438.0
 ,m. KYIV,2566953.0
 ,SEVASTOPOL (miskrada),377153.0
